,Region Code,Region Name,Country Code,Country Name,Year,Sex,Age group code,Age Group,Number,Percentage of cause-specific deaths out of total deaths,Age-standardized death rate per 100 000 standard population,Death rate per 100 000 population
9,CSA,Central and South America,ARG,Argentina,2011,All,Age_all,All,14572.0,4.60098196,28.98691032,35.26578817
10,CSA,Central and South America,ARG,Argentina,2012,All,Age_all,All,13986.0,4.40998411,27.44244693,33.49523255
11,CSA,Central and South America,ARG,Argentina,2013,All,Age_all,All,14654.0,4.53225372,28.10255232,34.72838559
12,CSA,Central and South America,ARG,Argentina,2014,All,Age_all,All,14816.0,4.60074216,27.76977894,34.74874507
13,CSA,Central and South America,ARG,Argentina,2020,All,Age_all,All,13267.0,3.5264035,22.15513082,29.35451443
14,CSA,Central and South America,ARG,Argentina,2019,All,Age_all,All,15044.0,4.40233168,25.25146112,33.59484717
15,CSA,Central and South America,ARG,Argentina,2018,All,Age_all,All,14415.0,4.27969586,24.80136514,32.49464903
16,CSA,Central and South America,ARG,Argentina,2017,All,Age_all,All,14652.0,4.2881225,25.60528925,33.34764165
17,CSA,Central and South America,ARG,Argentina,2016,All,Age_all,All,14268.0,4.07520914,25.76943056,32.79362221
18,CSA,Central and South America,ARG,Argentina,2015,All,Age_all,All,13957.0,4.22187133,25.73375046,32.40131215
19,CSA,Central and South America,ARG,Argentina,2021,All,Age_all,All,15973.0,3.65683072,26.33493573,35.02403399
20,AS,Asia,ARM,Armenia,2010,All,Age_all,All,329.0,1.17832456,10.70095934,11.43425529
21,AS,Asia,ARM,Armenia,2011,All,Age_all,All,271.0,0.96913779,8.84755126,9.42104711
22,AS,Asia,ARM,Armenia,2012,All,Age_all,All,305.0,1.10507246,8.98015144,10.08555527
23,AS,Asia,ARM,Armenia,2013,All,Age_all,All,267.0,0.98176202,7.89288271,8.83526987
24,AS,Asia,ARM,Armenia,2014,All,Age_all,All,296.0,1.06805225,8.87264985,9.82136073
25,AS,Asia,ARM,Armenia,2021,All,Age_all,All,204.0,0.5932302,5.41024336,6.87302127
26,AS,Asia,ARM,Armenia,2020,All,Age_all,All,186.0,0.51423832,5.14285295,6.27690675
27,AS,Asia,ARM,Armenia,2019,All,Age_all,All,200.0,0.76379607,5.40517273,6.75109587
28,AS,Asia,ARM,Armenia,2018,All,Age_all,All,185.0,0.7184187,5.43534552,6.23105213
29,AS,Asia,ARM,Armenia,2017,All,Age_all,All,218.0,0.80368664,5.76793061,7.48389675
30,AS,Asia,ARM,Armenia,2016,All,Age_all,All,255.0,0.90342238,7.56964056,8.52169054
31,AS,Asia,ARM,Armenia,2015,All,Age_all,All,321.0,1.15144558,9.31496518,10.68366112
32,AS,Asia,ARM,Armenia,2022,All,Age_all,All,182.0,0.68185224,4.69690892,6.12949604
33,OA,Oceania,AUS,Australia,2010,All,Age_all,All,2216.0,1.54454148,5.68093374,9.93832721
34,OA,Oceania,AUS,Australia,2011,All,Age_all,All,2451.0,1.66811859,6.2052691,10.97134005
35,OA,Oceania,AUS,Australia,2012,All,Age_all,All,2456.0,1.66963521,5.91173937,10.80593344
36,OA,Oceania,AUS,Australia,2013,All,Age_all,All,2741.0,1.85606522,6.35865471,11.85689382
37,OA,Oceania,AUS,Australia,2014,All,Age_all,All,2790.0,1.81664279,6.31827008,11.87025025
38,OA,Oceania,AUS,Australia,2017,All,Age_all,All,2734.0,1.69726166,5.61098752,11.11644118
39,OA,Oceania,AUS,Australia,2016,All,Age_all,All,2897.0,1.82771413,6.10964507,11.97557413
40,OA,Oceania,AUS,Australia,2015,All,Age_all,All,2926.0,1.83964993,6.51503865,12.28586083
41,OA,Oceania,AUS,Australia,2022,All,Age_all,All,3013.0,1.57799088,5.04986774,11.58599283
42,OA,Oceania,AUS,Australia,2021,All,Age_all,All,2668.0,1.55596638,4.67866556,10.38721902
43,OA,Oceania,AUS,Australia,2020,All,Age_all,All,2377.0,1.47365158,4.28877458,9.26732823
44,OA,Oceania,AUS,Australia,2019,All,Age_all,All,2667.0,1.57846143,4.96477781,10.52701132
45,OA,Oceania,AUS,Australia,2018,All,Age_all,All,2484.0,1.565612,4.83772248,9.95062423
46,EU,Europe,AUT,Austria,2010,All,Age_all,All,694.0,0.89897538,4.43739334,8.30037403
47,EU,Europe,AUT,Austria,2011,All,Age_all,All,717.0,0.93751226,4.35966662,8.54738146
48,EU,Europe,AUT,Austria,2012,All,Age_all,All,693.0,0.87240042,4.01312876,8.22423953
49,EU,Europe,AUT,Austria,2013,All,Age_all,All,780.0,0.98081131,4.57683336,9.20111876
50,EU,Europe,AUT,Austria,2014,All,Age_all,All,735.0,0.93927312,4.10027513,8.60259656
51,EU,Europe,AUT,Austria,2021,All,Age_all,All,1041.0,1.1319893,4.54265058,11.62930988
52,EU,Europe,AUT,Austria,2020,All,Age_all,All,951.0,1.03822094,4.27199218,10.66520726
53,EU,Europe,AUT,Austria,2019,All,Age_all,All,1069.0,1.28198978,4.68460703,12.04149257
54,EU,Europe,AUT,Austria,2018,All,Age_all,All,1012.0,1.20512057,4.74113928,11.45093405
55,EU,Europe,AUT,Austria,2017,All,Age_all,All,926.0,1.11204515,4.32953378,10.52862211
56,EU,Europe,AUT,Austria,2016,All,Age_all,All,915.0,1.13426471,4.56591176,10.46933994
57,EU,Europe,AUT,Austria,2015,All,Age_all,All,875.0,1.05329048,4.54523986,10.13961497
58,EU,Europe,BEL,Belgium,2010,All,Age_all,All,2563.0,2.43742392,10.24621724,23.64411865
59,EU,Europe,BEL,Belgium,2011,All,Age_all,All,2446.0,2.34533809,9.66040455,22.235074
60,EU,Europe,BEL,Belgium,2012,All,Age_all,All,2632.0,2.41299644,10.10303606,23.7227182
61,EU,Europe,BEL,Belgium,2013,All,Age_all,All,2946.0,2.69449577,11.05179545,26.35431289
62,EU,Europe,BEL,Belgium,2014,All,Age_all,All,2553.0,2.43711517,9.11810953,22.73925045
63,EU,Europe,BEL,Belgium,2018,All,Age_all,All,2500.0,2.25849873,8.0448222,21.87787804
64,EU,Europe,BEL,Belgium,2017,All,Age_all,All,2404.0,2.19211059,8.04498325,21.13375381
65,EU,Europe,BEL,Belgium,2016,All,Age_all,All,2154.0,1.99265475,7.59441213,18.97419712
66,EU,Europe,BEL,Belgium,2015,All,Age_all,All,2397.0,2.16842619,8.36283941,21.27672039
67,EU,Europe,BEL,Belgium,2020,All,Age_all,All,1950.0,1.53669146,6.09952971,16.89977084
68,EU,Europe,BEL,Belgium,2019,All,Age_all,All,2396.0,2.20220588,7.7843217,20.85474695
69,CSA,Central and South America,BRA,Brazil,2010,All,Age_all,All,50483.0,4.44022847,27.99362492,25.79431934
70,CSA,Central and South America,BRA,Brazil,2011,All,Age_all,All,50852.0,4.3444756,27.30585992,25.7459532
71,CSA,Central and South America,BRA,Brazil,2012,All,Age_all,All,51124.0,4.32826546,26.69628838,25.65341608
72,CSA,Central and South America,BRA,Brazil,2013,All,Age_all,All,53667.0,4.43355248,27.23079139,26.69523045
73,CSA,Central and South America,BRA,Brazil,2014,All,Age_all,All,53720.0,4.37801895,26.47039781,26.49388903
74,CSA,Central and South America,BRA,Brazil,2020,All,Age_all,All,55698.0,3.57766838,22.90993206,26.20349679
75,CSA,Central and South America,BRA,Brazil,2019,All,Age_all,All,58182.0,4.31041316,24.20869572,27.68631738
76,CSA,Central and South America,BRA,Brazil,2018,All,Age_all,All,56244.0,4.27152642,24.58446086,26.85070978
77,CSA,Central and South America,BRA,Brazil,2017,All,Age_all,All,56381.0,4.29515855,25.370431,27.12792325
78,CSA,Central and South America,BRA,Brazil,2016,All,Age_all,All,58743.0,4.48497222,27.25944996,28.49346629
79,CSA,Central and South America,BRA,Brazil,2015,All,Age_all,All,56491.0,4.46860601,27.04863614,27.62777486
80,AS,Asia,BRN,Brunei Darussalam,2010,All,Age_all,All,64.0,5.29801325,27.60650365,15.44401544
81,AS,Asia,BRN,Brunei Darussalam,2011,All,Age_all,All,60.0,4.8582996,23.67907513,14.19446416
82,AS,Asia,BRN,Brunei Darussalam,2012,All,Age_all,All,59.0,4.85197368,25.96372102,14.75737869
83,AS,Asia,BRN,Brunei Darussalam,2013,All,Age_all,All,77.0,5.5,31.46580656,19.03956521
84,AS,Asia,BRN,Brunei Darussalam,2014,All,Age_all,All,86.0,5.85034014,33.97251438,20.98743438
85,AS,Asia,BRN,Brunei Darussalam,2019,All,Age_all,All,97.0,5.52077405,30.4099961,22.38711241
86,AS,Asia,BRN,Brunei Darussalam,2018,All,Age_all,All,91.0,5.64516129,31.87397023,20.56962025
87,AS,Asia,BRN,Brunei Darussalam,2017,All,Age_all,All,105.0,6.19103774,35.60365206,24.44703143
88,AS,Asia,BRN,Brunei Darussalam,2016,All,Age_all,All,116.0,7.10784314,32.46782458,27.44405907
89,AS,Asia,BRN,Brunei Darussalam,2015,All,Age_all,All,93.0,6.01163542,36.11486504,22.4146616
90,EU,Europe,BGR,Bulgaria,2010,All,Age_all,All,664.0,0.60273227,6.42253562,8.81304128
91,EU,Europe,BGR,Bulgaria,2011,All,Age_all,All,577.0,0.53298601,5.41020882,7.78042639
92,EU,Europe,BGR,Bulgaria,2012,All,Age_all,All,690.0,0.63139979,6.52907871,9.44443714
93,EU,Europe,BGR,Bulgaria,2013,All,Age_all,All,571.0,0.54722315,5.56509807,7.85947642
94,EU,Europe,BGR,Bulgaria,2014,All,Age_all,All,505.0,0.46350687,4.77033304,6.99064741
95,EU,Europe,BGR,Bulgaria,2020,All,Age_all,All,463.0,0.37118692,3.98428793,6.67722813
96,EU,Europe,BGR,Bulgaria,2019,All,Age_all,All,501.0,0.46353266,4.3029927,7.18201263
97,EU,Europe,BGR,Bulgaria,2018,All,Age_all,All,667.0,0.61459927,5.70334207,9.49461191
98,EU,Europe,BGR,Bulgaria,2017,All,Age_all,All,771.0,0.70224335,6.6189987,10.89606805
99,EU,Europe,BGR,Bulgaria,2016,All,Age_all,All,740.0,0.6878602,6.50762111,10.38185297
100,EU,Europe,BGR,Bulgaria,2015,All,Age_all,All,662.0,0.60117875,6.08741973,9.22263625
101,EU,Europe,BGR,Bulgaria,2021,All,Age_all,All,501.0,0.33625289,4.56688802,7.28436693
102,NAC,North America and the Caribbean,CAN,Canada,2010,All,Age_all,All,5435.0,2.26387587,8.58883576,15.91621587
103,NAC,North America and the Caribbean,CAN,Canada,2011,All,Age_all,All,5679.0,2.34597685,8.55288618,16.44220695
104,NAC,North America and the Caribbean,CAN,Canada,2012,All,Age_all,All,5875.0,2.38243929,8.58780377,16.82319155
105,NAC,North America and the Caribbean,CAN,Canada,2013,All,Age_all,All,5010.0,1.98543224,7.26306702,14.19403064
106,NAC,North America and the Caribbean,CAN,Canada,2014,All,Age_all,All,5014.0,1.9372462,7.03242078,14.05886222
107,NAC,North America and the Caribbean,CAN,Canada,2017,All,Age_all,All,4419.0,1.59709999,5.6364456,12.03035111
108,NAC,North America and the Caribbean,CAN,Canada,2016,All,Age_all,All,4297.0,1.60808045,5.65376312,11.81047911
109,NAC,North America and the Caribbean,CAN,Canada,2015,All,Age_all,All,5077.0,1.92068338,6.91360977,14.09233536
110,NAC,North America and the Caribbean,CAN,Canada,2022,All,Age_all,All,4979.0,1.49035713,5.6296646,12.97005745
111,NAC,North America and the Caribbean,CAN,Canada,2021,All,Age_all,All,4408.0,1.41445257,5.14558288,11.57930869
112,NAC,North America and the Caribbean,CAN,Canada,2020,All,Age_all,All,4623.0,1.49896891,5.45950114,12.24890344
113,NAC,North America and the Caribbean,CAN,Canada,2019,All,Age_all,All,4553.0,1.59585841,5.59104627,12.17020203
114,NAC,North America and the Caribbean,CAN,Canada,2018,All,Age_all,All,4774.0,1.67096015,6.00199181,12.87675361
115,CSA,Central and South America,CHL,Chile,2010,All,Age_all,All,2067.0,2.11069131,10.65588317,12.11426016
116,CSA,Central and South America,CHL,Chile,2011,All,Age_all,All,1997.0,2.10243723,9.9702786,11.58784457
117,CSA,Central and South America,CHL,Chile,2012,All,Age_all,All,2262.0,2.29153792,10.91429974,12.99974075
118,CSA,Central and South America,CHL,Chile,2013,All,Age_all,All,2604.0,2.61002917,12.05077256,14.81944605
119,CSA,Central and South America,CHL,Chile,2014,All,Age_all,All,2698.0,2.64613574,12.20919409,15.19233194
120,CSA,Central and South America,CHL,Chile,2020,All,Age_all,All,2176.0,1.72467088,8.23081537,11.38301486
121,CSA,Central and South America,CHL,Chile,2019,All,Age_all,All,2669.0,2.43393095,10.41228171,14.08291815
122,CSA,Central and South America,CHL,Chile,2018,All,Age_all,All,2397.0,2.24446608,9.56530739,12.7982248
123,CSA,Central and South America,CHL,Chile,2017,All,Age_all,All,2417.0,2.27187277,9.95144277,13.08577452
124,CSA,Central and South America,CHL,Chile,2016,All,Age_all,All,2375.0,2.28308308,10.14903487,13.04295201
125,CSA,Central and South America,CHL,Chile,2015,All,Age_all,All,2663.0,2.57725473,11.55636095,14.81967659
126,CSA,Central and South America,CHL,Chile,2021,All,Age_all,All,2493.0,1.81139149,9.16468541,12.97602101
127,CSA,Central and South America,COL,Colombia,2010,All,Age_all,All,6684.0,3.33330009,16.02611825,14.78018783
128,CSA,Central and South America,COL,Colombia,2011,All,Age_all,All,6239.0,3.18604045,14.63763045,13.66321624
129,CSA,Central and South America,COL,Colombia,2012,All,Age_all,All,6514.0,3.26097839,14.98665722,14.13759846
130,CSA,Central and South America,COL,Colombia,2013,All,Age_all,All,6763.0,3.33036229,15.16442045,14.54549584
131,CSA,Central and South America,COL,Colombia,2014,All,Age_all,All,6536.0,3.11162527,14.2920777,13.91594768
132,CSA,Central and South America,COL,Colombia,2020,All,Age_all,All,6702.0,2.227666,12.36558846,13.17142141
133,CSA,Central and South America,COL,Colombia,2019,All,Age_all,All,7436.0,3.0431135,14.14762729,14.77171688
134,CSA,Central and South America,COL,Colombia,2018,All,Age_all,All,7032.0,2.96794017,13.71414784,14.15999115
135,CSA,Central and South America,COL,Colombia,2017,All,Age_all,All,6512.0,2.86085826,13.03803954,13.31429449
136,CSA,Central and South America,COL,Colombia,2016,All,Age_all,All,7061.0,3.16526058,14.57403161,14.65696394
137,CSA,Central and South America,COL,Colombia,2015,All,Age_all,All,6651.0,3.03045491,14.12945884,13.99601567
138,CSA,Central and South America,COL,Colombia,2021,All,Age_all,All,7636.0,2.10306564,13.82119783,14.89490742
139,CSA,Central and South America,CRI,Costa Rica,2010,All,Age_all,All,425.0,2.23825574,9.55970466,9.28479142
140,CSA,Central and South America,CRI,Costa Rica,2011,All,Age_all,All,412.0,2.23209448,9.02383707,8.89256103
141,CSA,Central and South America,CRI,Costa Rica,2012,All,Age_all,All,398.0,2.10437265,8.39940502,8.48976109
142,CSA,Central and South America,CRI,Costa Rica,2013,All,Age_all,All,407.0,2.10172993,8.24591414,8.58268276
143,CSA,Central and South America,CRI,Costa Rica,2014,All,Age_all,All,418.0,2.06012814,8.2900499,8.7166941
144,CSA,Central and South America,CRI,Costa Rica,2020,All,Age_all,All,448.0,1.72334205,7.65311579,8.79445667
145,CSA,Central and South America,CRI,Costa Rica,2019,All,Age_all,All,549.0,2.26000329,10.08421673,10.85407719
146,CSA,Central and South America,CRI,Costa Rica,2018,All,Age_all,All,514.0,2.18667574,9.14618044,10.28114943
147,CSA,Central and South America,CRI,Costa Rica,2017,All,Age_all,All,482.0,2.09939457,8.69081157,9.73746423
148,CSA,Central and South America,CRI,Costa Rica,2016,All,Age_all,All,474.0,2.12137487,8.91407855,9.67476265
149,CSA,Central and South America,CRI,Costa Rica,2015,All,Age_all,All,456.0,2.19621442,8.72605281,9.40632088
150,EU,Europe,HRV,Croatia,2010,All,Age_all,All,372.0,0.71406634,4.76361379,8.420517
151,EU,Europe,HRV,Croatia,2011,All,Age_all,All,306.0,0.59977655,3.86848704,6.95014159
152,EU,Europe,HRV,Croatia,2012,All,Age_all,All,318.0,0.61496809,4.20253191,7.45156832
153,EU,Europe,HRV,Croatia,2013,All,Age_all,All,330.0,0.65494383,3.85819161,7.75432603
154,EU,Europe,HRV,Croatia,2014,All,Age_all,All,361.0,0.71008478,4.36014695,8.51738715
155,EU,Europe,HRV,Croatia,2020,All,Age_all,All,167.0,0.29286428,2.06003676,4.12582022
156,EU,Europe,HRV,Croatia,2019,All,Age_all,All,209.0,0.40352164,2.68438965,5.14113144
157,EU,Europe,HRV,Croatia,2017,All,Age_all,All,637.0,1.1911663,6.76731586,15.4441802
158,EU,Europe,HRV,Croatia,2016,All,Age_all,All,482.0,0.93515968,5.64708216,11.54671064
159,EU,Europe,HRV,Croatia,2015,All,Age_all,All,403.0,0.74347385,4.78411795,9.58701153
160,EU,Europe,HRV,Croatia,2021,All,Age_all,All,189.0,0.30137773,2.11607622,4.87241366
161,EU,Europe,HRV,Croatia,2018,All,Age_all,All,314.0,0.5957576,3.51020437,7.55460548
162,NAC,North America and the Caribbean,CUB,Cuba,2010,All,Age_all,All,998.0,1.0959205,7.2331001,8.89020965
163,NAC,North America and the Caribbean,CUB,Cuba,2011,All,Age_all,All,992.0,1.13965351,7.19050201,8.82823747
164,NAC,North America and the Caribbean,CUB,Cuba,2012,All,Age_all,All,1098.0,1.22857271,7.81856368,9.75384077
165,NAC,North America and the Caribbean,CUB,Cuba,2013,All,Age_all,All,1251.0,1.35575954,8.74803681,11.08774894
166,NAC,North America and the Caribbean,CUB,Cuba,2014,All,Age_all,All,1296.0,1.34537527,8.88343903,11.46202356
167,NAC,North America and the Caribbean,CUB,Cuba,2020,All,Age_all,All,1158.0,1.02980018,7.72230387,10.22370671
168,NAC,North America and the Caribbean,CUB,Cuba,2019,All,Age_all,All,1228.0,1.12568637,8.63499557,10.83515103
169,NAC,North America and the Caribbean,CUB,Cuba,2018,All,Age_all,All,1194.0,1.12433613,8.24380224,10.53083338
170,NAC,North America and the Caribbean,CUB,Cuba,2017,All,Age_all,All,1184.0,1.10706972,8.080644,10.44160401
171,NAC,North America and the Caribbean,CUB,Cuba,2016,All,Age_all,All,1200.0,1.20738922,8.54239753,10.5865813
172,NAC,North America and the Caribbean,CUB,Cuba,2015,All,Age_all,All,1188.0,1.1916823,8.28764377,10.49026908
173,NAC,North America and the Caribbean,CUB,Cuba,2021,All,Age_all,All,1343.0,0.80095423,9.04296289,11.86657307
174,AS,Asia,CYP,Cyprus,2010,All,Age_all,All,63.0,1.23650638,4.61539994,7.54984697
175,AS,Asia,CYP,Cyprus,2011,All,Age_all,All,85.0,1.61966463,6.08629619,10.01220311
176,AS,Asia,CYP,Cyprus,2012,All,Age_all,All,87.0,1.58181818,6.18059271,10.07012045
177,AS,Asia,CYP,Cyprus,2013,All,Age_all,All,92.0,1.74506829,6.31565631,10.6737206
178,AS,Asia,CYP,Cyprus,2014,All,Age_all,All,117.0,2.11229464,7.68203104,13.71362666
179,AS,Asia,CYP,Cyprus,2020,All,Age_all,All,169.0,2.58726271,9.66016758,18.86145979
180,AS,Asia,CYP,Cyprus,2019,All,Age_all,All,206.0,3.28968381,11.47645848,23.39361922
181,AS,Asia,CYP,Cyprus,2018,All,Age_all,All,169.0,2.90727679,9.42410647,19.29446203
182,AS,Asia,CYP,Cyprus,2017,All,Age_all,All,161.0,2.66865573,9.17927683,18.62917074
183,AS,Asia,CYP,Cyprus,2016,All,Age_all,All,130.0,2.37573099,7.90373441,15.29712308
184,AS,Asia,CYP,Cyprus,2015,All,Age_all,All,147.0,2.49702735,9.39932023,17.43530257
185,AS,Asia,CYP,Cyprus,2021,All,Age_all,All,204.0,2.81456954,11.20195608,22.54878662
186,EU,Europe,CZE,Czechia,2010,All,Age_all,All,1080.0,1.01081951,5.66586445,10.26884697
187,EU,Europe,CZE,Czechia,2011,All,Age_all,All,1394.0,1.30465708,7.12562785,13.28039973
188,EU,Europe,CZE,Czechia,2012,All,Age_all,All,1664.0,1.53804915,8.30087313,15.8336161
189,EU,Europe,CZE,Czechia,2013,All,Age_all,All,1578.0,1.44558446,7.38411448,15.01324505
190,EU,Europe,CZE,Czechia,2014,All,Age_all,All,1781.0,1.68551554,8.17758689,16.92196409
191,EU,Europe,CZE,Czechia,2021,All,Age_all,All,2250.0,1.60839511,9.19504625,21.42683688
192,EU,Europe,CZE,Czechia,2020,All,Age_all,All,2033.0,1.57244623,8.21342444,18.99972477
193,EU,Europe,CZE,Czechia,2019,All,Age_all,All,1900.0,1.69096314,7.71142312,17.80806357
194,EU,Europe,CZE,Czechia,2018,All,Age_all,All,1811.0,1.60379029,7.55221981,17.04241217
195,EU,Europe,CZE,Czechia,2017,All,Age_all,All,2112.0,1.89513922,9.0591352,19.94423546
196,EU,Europe,CZE,Czechia,2016,All,Age_all,All,2079.0,1.92946636,9.25333216,19.67765372
197,EU,Europe,CZE,Czechia,2015,All,Age_all,All,2025.0,1.82148543,9.09056811,19.20716248
198,EU,Europe,DNK,Denmark,2010,All,Age_all,All,962.0,1.78059119,8.31930806,17.35265888
199,EU,Europe,DNK,Denmark,2011,All,Age_all,All,814.0,1.55923762,6.77041074,14.62225716
200,EU,Europe,DNK,Denmark,2012,All,Age_all,All,902.0,1.73424852,7.15896456,16.14437582
201,EU,Europe,DNK,Denmark,2013,All,Age_all,All,1013.0,1.94128243,7.94575335,18.06095582
202,EU,Europe,DNK,Denmark,2014,All,Age_all,All,907.0,1.7786755,6.78567887,16.08236155
203,EU,Europe,DNK,Denmark,2020,All,Age_all,All,1409.0,2.59012114,9.11574279,24.19017841
204,EU,Europe,DNK,Denmark,2019,All,Age_all,All,1287.0,2.40259861,8.58687052,22.13817628
205,EU,Europe,DNK,Denmark,2018,All,Age_all,All,1117.0,2.03609187,7.88846785,19.29549171
206,EU,Europe,DNK,Denmark,2017,All,Age_all,All,1028.0,1.9417109,7.29419125,17.84767151
207,EU,Europe,DNK,Denmark,2016,All,Age_all,All,943.0,1.79653267,6.91863173,16.4752964
208,EU,Europe,DNK,Denmark,2015,All,Age_all,All,963.0,1.84397978,7.06898144,16.95915784
209,EU,Europe,DNK,Denmark,2021,All,Age_all,All,1423.0,2.67954657,8.69540247,24.32447447
210,CSA,Central and South America,ECU,Ecuador,2010,All,Age_all,All,2682.0,4.35276552,20.24484101,17.86675835
211,CSA,Central and South America,ECU,Ecuador,2011,All,Age_all,All,2408.0,3.86492039,17.74923518,15.79649911
212,CSA,Central and South America,ECU,Ecuador,2012,All,Age_all,All,2437.0,3.83713058,17.52035571,15.74889553
213,CSA,Central and South America,ECU,Ecuador,2013,All,Age_all,All,2067.0,3.27554513,14.34632357,13.15934058
214,CSA,Central and South America,ECU,Ecuador,2014,All,Age_all,All,2116.0,3.35974341,14.42759256,13.26492743
215,CSA,Central and South America,ECU,Ecuador,2021,All,Age_all,All,2884.0,2.74019459,16.44376033,16.12211214
216,CSA,Central and South America,ECU,Ecuador,2020,All,Age_all,All,2582.0,2.2351882,15.04590962,14.63465452
217,CSA,Central and South America,ECU,Ecuador,2019,All,Age_all,All,2217.0,3.01916084,13.15688714,12.7606949
218,CSA,Central and South America,ECU,Ecuador,2018,All,Age_all,All,2197.0,3.05215193,13.4828987,12.85971647
219,CSA,Central and South America,ECU,Ecuador,2017,All,Age_all,All,2208.0,3.18858579,13.96488004,13.15431941
220,CSA,Central and South America,ECU,Ecuador,2016,All,Age_all,All,2051.0,3.03824845,13.235171,12.43699941
221,CSA,Central and South America,ECU,Ecuador,2015,All,Age_all,All,2064.0,3.1856768,13.7288228,12.73129444
222,AF,Africa,EGY,Egypt,2010,All,Age_all,All,16935.0,3.44481082,24.34730685,20.4624786
223,AF,Africa,EGY,Egypt,2011,All,Age_all,All,18803.0,3.81346221,26.90109121,22.24437051
224,AF,Africa,EGY,Egypt,2012,All,Age_all,All,19192.0,3.62638006,26.21398895,22.20724588
225,AF,Africa,EGY,Egypt,2013,All,Age_all,All,17793.0,3.48074956,23.76376539,20.12677026
226,AF,Africa,EGY,Egypt,2014,All,Age_all,All,19172.0,3.6046809,29.69181321,22.08471
227,AF,Africa,EGY,Egypt,2019,All,Age_all,All,17501.0,3.06722984,22.67677371,17.43334589
228,AF,Africa,EGY,Egypt,2018,All,Age_all,All,18272.0,3.26106356,23.94710472,18.56465357
229,AF,Africa,EGY,Egypt,2017,All,Age_all,All,19763.0,3.61160656,26.03959069,20.49198367
230,AF,Africa,EGY,Egypt,2016,All,Age_all,All,19224.0,3.45663385,25.05611118,20.35425704
231,AF,Africa,EGY,Egypt,2015,All,Age_all,All,20766.0,3.61853283,27.22061013,22.46368223
232,EU,Europe,EST,Estonia,2010,All,Age_all,All,133.0,0.84278563,7.57527714,9.98892206
233,EU,Europe,EST,Estonia,2011,All,Age_all,All,144.0,0.94711918,8.85765894,10.8479561
234,EU,Europe,EST,Estonia,2012,All,Age_all,All,131.0,0.84663608,7.74201176,9.85479598
235,EU,Europe,EST,Estonia,2013,All,Age_all,All,125.0,0.81306101,7.84965537,9.48408836
236,EU,Europe,EST,Estonia,2014,All,Age_all,All,138.0,0.89204913,7.48031001,10.49792894
237,EU,Europe,EST,Estonia,2021,All,Age_all,All,202.0,1.09931973,7.77770686,15.24315473
238,EU,Europe,EST,Estonia,2020,All,Age_all,All,177.0,1.12839475,6.60781318,13.34303279
239,EU,Europe,EST,Estonia,2019,All,Age_all,All,168.0,1.1062821,6.76265705,12.67304745
240,EU,Europe,EST,Estonia,2018,All,Age_all,All,167.0,1.07010124,7.47155667,12.62359024
241,EU,Europe,EST,Estonia,2017,All,Age_all,All,158.0,1.02318353,7.20103553,11.97523098
242,EU,Europe,EST,Estonia,2016,All,Age_all,All,134.0,0.87109146,7.02701903,10.1839998
243,EU,Europe,EST,Estonia,2015,All,Age_all,All,121.0,0.79380699,6.51208024,9.20426469
244,EU,Europe,EST,Estonia,2022,All,Age_all,All,199.0,1.15987644,7.23285146,15.05397493
245,EU,Europe,FIN,Finland,2010,All,Age_all,All,448.0,0.87998429,3.75939128,8.35298522
246,EU,Europe,FIN,Finland,2011,All,Age_all,All,428.0,0.84638507,3.62799131,7.94317733
247,EU,Europe,FIN,Finland,2012,All,Age_all,All,324.0,0.62624427,2.69055537,5.98451673
248,EU,Europe,FIN,Finland,2013,All,Age_all,All,327.0,0.63522281,2.62143331,6.01216553
249,EU,Europe,FIN,Finland,2014,All,Age_all,All,328.0,0.62584671,2.65730531,6.00566345
250,EU,Europe,FIN,Finland,2020,All,Age_all,All,212.0,0.38199575,1.60729755,3.8339519
251,EU,Europe,FIN,Finland,2019,All,Age_all,All,227.0,0.42066639,1.85368992,4.11112311
252,EU,Europe,FIN,Finland,2018,All,Age_all,All,254.0,0.46585845,2.07281837,4.60518264
253,EU,Europe,FIN,Finland,2017,All,Age_all,All,299.0,0.55710825,2.46655492,5.42825727
254,EU,Europe,FIN,Finland,2016,All,Age_all,All,272.0,0.50403973,2.26449775,4.94968202
255,EU,Europe,FIN,Finland,2015,All,Age_all,All,271.0,0.51814462,2.0470449,4.94424317
256,EU,Europe,FIN,Finland,2021,All,Age_all,All,228.0,0.39561355,1.62165272,4.1147681
257,EU,Europe,FRA,France,2010,All,Age_all,All,11097.0,2.0490199,7.68699039,17.63322254
258,EU,Europe,FRA,France,2011,All,Age_all,All,11766.0,2.19258033,7.87732619,18.60989053
259,EU,Europe,FRA,France,2012,All,Age_all,All,11851.0,2.12211614,7.59170367,18.65738698
260,EU,Europe,FRA,France,2013,All,Age_all,All,10966.0,1.9721922,6.84654744,17.19299923
261,EU,Europe,FRA,France,2014,All,Age_all,All,10496.0,1.92722238,6.35643345,16.36688672
262,EU,Europe,FRA,France,2017,All,Age_all,All,11634.0,1.96747594,6.38514646,17.92570696
263,EU,Europe,FRA,France,2016,All,Age_all,All,10508.0,1.81332487,6.00862231,16.24925102
264,EU,Europe,FRA,France,2015,All,Age_all,All,11205.0,1.93225968,6.45156621,17.38470704
265,EU,Europe,FRA,France,2020,All,Age_all,All,10959.0,1.67862181,5.61124233,16.78935273
266,EU,Europe,FRA,France,2019,All,Age_all,All,11864.0,1.9861984,6.1881999,18.21595202
267,EU,Europe,FRA,France,2018,All,Age_all,All,11372.0,1.91342476,6.07072079,17.50335308
268,AS,Asia,GEO,Georgia,2010,All,Age_all,All,229.0,0.47843891,4.13013998,5.12395955
269,AS,Asia,GEO,Georgia,2011,All,Age_all,All,399.0,0.80091533,7.74436735,8.89949592
270,AS,Asia,GEO,Georgia,2012,All,Age_all,All,519.0,1.05171436,9.41631906,11.55721825
271,AS,Asia,GEO,Georgia,2013,All,Age_all,All,524.0,1.079233,9.5608177,11.6776609
272,AS,Asia,GEO,Georgia,2014,All,Age_all,All,567.0,1.15509198,11.98520946,15.21330829
273,AS,Asia,GEO,Georgia,2021,All,Age_all,All,674.0,1.12509598,12.59224145,18.173925
274,AS,Asia,GEO,Georgia,2020,All,Age_all,All,793.0,1.56914736,15.05255114,21.30165467
275,AS,Asia,GEO,Georgia,2019,All,Age_all,All,814.0,1.74457232,15.26354551,21.88077344
276,AS,Asia,GEO,Georgia,2018,All,Age_all,All,633.0,1.36058808,12.44875617,16.98622734
277,AS,Asia,GEO,Georgia,2017,All,Age_all,All,740.0,1.54740496,14.47610963,19.84976677
278,AS,Asia,GEO,Georgia,2016,All,Age_all,All,597.0,1.17586811,11.54040627,16.0160751
279,AS,Asia,GEO,Georgia,2015,All,Age_all,All,527.0,1.07286089,10.74775674,14.14660283
280,EU,Europe,DEU,Germany,2010,All,Age_all,All,15717.0,1.83017998,7.92296595,19.22393123
281,EU,Europe,DEU,Germany,2011,All,Age_all,All,17111.0,2.00756047,8.27286998,20.92341073
282,EU,Europe,DEU,Germany,2012,All,Age_all,All,18734.0,2.15436842,8.70881244,22.86939242
283,EU,Europe,DEU,Germany,2013,All,Age_all,All,18864.0,2.11048024,8.8271239,23.3912313
284,EU,Europe,DEU,Germany,2014,All,Age_all,All,18346.0,2.11272796,8.48490947,22.65427716
285,EU,Europe,DEU,Germany,2020,All,Age_all,All,15506.0,1.57329957,6.1673179,18.64578835
286,EU,Europe,DEU,Germany,2019,All,Age_all,All,16673.0,1.7746296,6.87604407,20.06547799
287,EU,Europe,DEU,Germany,2018,All,Age_all,All,18256.0,1.91187528,7.64296403,22.02017707
288,EU,Europe,DEU,Germany,2017,All,Age_all,All,17714.0,1.90008924,7.50420926,21.43073104
289,EU,Europe,DEU,Germany,2016,All,Age_all,All,17423.0,1.91272578,7.61292152,21.15759758
290,EU,Europe,DEU,Germany,2015,All,Age_all,All,20320.0,2.19628188,9.06281796,24.87555764
291,EU,Europe,GRC,Greece,2010,All,Age_all,All,1106.0,1.01389755,4.37462103,9.78106942
292,EU,Europe,GRC,Greece,2011,All,Age_all,All,1003.0,0.90279841,3.82113932,8.87608656
293,EU,Europe,GRC,Greece,2012,All,Age_all,All,1154.0,0.98913155,4.32155382,10.40316033
294,EU,Europe,GRC,Greece,2013,All,Age_all,All,1168.0,1.04477879,4.17627728,10.65184067
295,EU,Europe,GRC,Greece,2014,All,Age_all,All,3565.0,3.13434148,10.91592245,32.72933556
296,EU,Europe,GRC,Greece,2020,All,Age_all,All,3983.0,3.03850966,10.06114003,37.22920845
297,EU,Europe,GRC,Greece,2019,All,Age_all,All,4324.0,3.45875728,11.06704462,40.3299896
298,EU,Europe,GRC,Greece,2018,All,Age_all,All,4129.0,3.4304562,10.70735533,38.47050443
299,EU,Europe,GRC,Greece,2017,All,Age_all,All,4243.0,3.40743001,11.79359656,39.45251477
300,EU,Europe,GRC,Greece,2016,All,Age_all,All,4086.0,3.43499899,11.53706934,37.91763336
301,EU,Europe,GRC,Greece,2015,All,Age_all,All,3988.0,3.2827098,11.44440965,36.85438747
302,NAC,North America and the Caribbean,GRD,Grenada,2010,All,Age_all,All,24.0,2.89855072,21.35681105,22.59184999
303,NAC,North America and the Caribbean,GRD,Grenada,2011,All,Age_all,All,29.0,3.61145704,23.39824726,27.15457508
304,NAC,North America and the Caribbean,GRD,Grenada,2012,All,Age_all,All,29.0,3.38785047,23.3827928,26.99030211
305,NAC,North America and the Caribbean,GRD,Grenada,2013,All,Age_all,All,26.0,3.17073171,21.723273,24.03623925
306,NAC,North America and the Caribbean,GRD,Grenada,2014,All,Age_all,All,49.0,5.08298755,35.26892634,44.99458229
307,NAC,North America and the Caribbean,GRD,Grenada,2021,All,Age_all,All,21.0,1.64705882,16.6258836,18.58061776
308,NAC,North America and the Caribbean,GRD,Grenada,2020,All,Age_all,All,19.0,1.842871,13.78942241,16.88543676
309,NAC,North America and the Caribbean,GRD,Grenada,2019,All,Age_all,All,21.0,2.14067278,14.65107878,18.74949778
310,NAC,North America and the Caribbean,GRD,Grenada,2018,All,Age_all,All,25.0,2.596054,18.81021419,22.43077862
311,NAC,North America and the Caribbean,GRD,Grenada,2017,All,Age_all,All,28.0,3.18181818,20.91154601,25.25389181
312,NAC,North America and the Caribbean,GRD,Grenada,2016,All,Age_all,All,18.0,2.00222469,14.84329974,16.32490182
313,NAC,North America and the Caribbean,GRD,Grenada,2015,All,Age_all,All,24.0,2.76179517,20.05746624,21.89801002
314,CSA,Central and South America,GTM,Guatemala,2010,All,Age_all,All,5042.0,6.93077473,41.62753723,34.46244902
315,CSA,Central and South America,GTM,Guatemala,2011,All,Age_all,All,4722.0,6.52624596,38.16019508,31.58781765
316,CSA,Central and South America,GTM,Guatemala,2012,All,Age_all,All,4250.0,5.84940198,33.23956297,27.8309458
317,CSA,Central and South America,GTM,Guatemala,2013,All,Age_all,All,4639.0,6.05305393,35.30414962,29.74515729
318,CSA,Central and South America,GTM,Guatemala,2014,All,Age_all,All,4765.0,6.12412765,36.04143835,29.92482181
319,CSA,Central and South America,GTM,Guatemala,2020,All,Age_all,All,3652.0,3.80412704,25.11486239,20.38450581
320,CSA,Central and South America,GTM,Guatemala,2019,All,Age_all,All,4428.0,5.1728972,30.55526745,25.18560448
321,CSA,Central and South America,GTM,Guatemala,2018,All,Age_all,All,3778.0,4.54791684,26.89074128,21.90418063
322,CSA,Central and South America,GTM,Guatemala,2017,All,Age_all,All,4158.0,5.08773218,30.02807923,24.58177579
323,CSA,Central and South America,GTM,Guatemala,2016,All,Age_all,All,4498.0,5.44782898,32.72473538,27.12403899
324,CSA,Central and South America,GTM,Guatemala,2015,All,Age_all,All,4327.0,5.35016569,32.45596038,26.62371268
325,CSA,Central and South America,GTM,Guatemala,2021,All,Age_all,All,4512.0,3.80871988,30.26223943,24.72347733
326,CSA,Central and South America,GUY,Guyana,2010,All,Age_all,All,547.0,10.06810234,87.71725879,72.98822048
327,CSA,Central and South America,GUY,Guyana,2011,All,Age_all,All,537.0,9.96104619,84.41501533,71.4069157
328,CSA,Central and South America,GUY,Guyana,2012,All,Age_all,All,598.0,10.77865898,91.85447093,79.16346196
329,CSA,Central and South America,GUY,Guyana,2013,All,Age_all,All,528.0,9.81777612,82.39696186,69.53910587
330,CSA,Central and South America,GUY,Guyana,2014,All,Age_all,All,436.0,7.86010456,67.505387,57.11441222
331,CSA,Central and South America,GUY,Guyana,2019,All,Age_all,All,314.0,6.31028939,43.93021851,40.11415928
332,CSA,Central and South America,GUY,Guyana,2018,All,Age_all,All,313.0,6.2090855,43.71200671,40.17940812
333,CSA,Central and South America,GUY,Guyana,2017,All,Age_all,All,344.0,6.16376993,48.80479328,44.37438566
334,CSA,Central and South America,GUY,Guyana,2016,All,Age_all,All,335.0,6.73096243,47.74653281,43.42933593
335,CSA,Central and South America,GUY,Guyana,2015,All,Age_all,All,479.0,8.2958088,71.44901236,62.41595347
336,EU,Europe,HUN,Hungary,2010,All,Age_all,All,583.0,0.44689397,3.51765297,5.82998601
337,EU,Europe,HUN,Hungary,2011,All,Age_all,All,684.0,0.53107652,4.0285499,6.85939356
338,EU,Europe,HUN,Hungary,2012,All,Age_all,All,1006.0,0.77719407,5.5748076,10.14075949
339,EU,Europe,HUN,Hungary,2013,All,Age_all,All,972.0,0.76669454,5.38851736,9.82504794
340,EU,Europe,HUN,Hungary,2014,All,Age_all,All,871.0,0.68958419,4.76296851,8.82788045
341,EU,Europe,HUN,Hungary,2019,All,Age_all,All,739.0,0.57020285,3.97824705,7.5630873
342,EU,Europe,HUN,Hungary,2018,All,Age_all,All,801.0,0.61124041,4.19421703,8.19390063
343,EU,Europe,HUN,Hungary,2017,All,Age_all,All,782.0,0.59389097,4.27597609,7.9894025
344,EU,Europe,HUN,Hungary,2016,All,Age_all,All,819.0,0.64461288,4.55424287,8.34520156
345,EU,Europe,HUN,Hungary,2015,All,Age_all,All,935.0,0.70996302,5.23844047,9.49910942
346,EU,Europe,HUN,Hungary,2022,All,Age_all,All,873.0,0.63981355,4.23357469,9.08782493
347,EU,Europe,HUN,Hungary,2021,All,Age_all,All,949.0,0.60981487,4.60242534,9.85036169
348,EU,Europe,HUN,Hungary,2020,All,Age_all,All,812.0,0.57587836,4.16669417,8.40549168
349,EU,Europe,ISL,Iceland,2010,All,Age_all,All,14.0,0.69341258,2.77178804,4.40194818
350,EU,Europe,ISL,Iceland,2011,All,Age_all,All,18.0,0.9054326,3.02113191,5.64239444
351,EU,Europe,ISL,Iceland,2012,All,Age_all,All,22.0,1.12531969,4.28199301,6.85965153
352,EU,Europe,ISL,Iceland,2013,All,Age_all,All,21.0,0.97312326,3.31460562,6.486206
353,EU,Europe,ISL,Iceland,2014,All,Age_all,All,30.0,1.46484375,4.78146502,9.16350907
354,EU,Europe,ISL,Iceland,2020,All,Age_all,All,19.0,0.82429501,2.76674461,5.18469805
355,EU,Europe,ISL,Iceland,2019,All,Age_all,All,18.0,0.79051383,3.00646014,4.99219277
356,EU,Europe,ISL,Iceland,2018,All,Age_all,All,22.0,0.97431355,3.42329104,6.23723316
357,EU,Europe,ISL,Iceland,2017,All,Age_all,All,24.0,1.07334526,3.6552381,6.98894436
358,EU,Europe,ISL,Iceland,2016,All,Age_all,All,18.0,0.77922078,2.46070303,5.36610233
359,EU,Europe,ISL,Iceland,2015,All,Age_all,All,24.0,1.09990834,3.22906084,7.25482106
360,EU,Europe,ISL,Iceland,2022,All,Age_all,All,37.0,1.37444279,5.51896141,10.71243482
361,EU,Europe,ISL,Iceland,2021,All,Age_all,All,24.0,1.02871839,3.65846663,6.44260711
362,EU,Europe,IRL,Ireland,2010,All,Age_all,All,272.0,1.00287589,4.46095074,5.97235021
363,EU,Europe,IRL,Ireland,2011,All,Age_all,All,246.0,0.86449255,3.75478674,5.37718082
364,EU,Europe,IRL,Ireland,2012,All,Age_all,All,241.0,0.82573837,3.69260221,5.2558039
365,EU,Europe,IRL,Ireland,2013,All,Age_all,All,259.0,0.87784707,3.71637649,5.63886268
366,EU,Europe,IRL,Ireland,2014,All,Age_all,All,304.0,1.03924518,4.19014174,6.57035336
367,EU,Europe,IRL,Ireland,2018,All,Age_all,All,309.0,0.99229287,3.69296178,6.36193217
368,EU,Europe,IRL,Ireland,2015,All,Age_all,All,382.0,1.26796561,4.86631293,8.14883441
369,EU,Europe,IRL,Ireland,2020,All,Age_all,All,280.0,0.85220355,3.04154877,5.56673874
370,EU,Europe,IRL,Ireland,2019,All,Age_all,All,276.0,0.88506927,3.12702566,5.56623201
371,EU,Europe,IRL,Ireland,2017,All,Age_all,All,292.0,0.95995792,3.68190213,6.0695567
372,EU,Europe,IRL,Ireland,2016,All,Age_all,All,385.0,1.25542114,4.91680806,8.1230535
373,AS,Asia,ISR,Israel,2010,All,Age_all,All,1666.0,4.22649551,14.63995921,21.85330451
374,AS,Asia,ISR,Israel,2011,All,Age_all,All,2028.0,4.98672175,17.48843067,26.11439444
375,AS,Asia,ISR,Israel,2012,All,Age_all,All,2246.0,5.36332593,18.73597659,28.39255181
376,AS,Asia,ISR,Israel,2013,All,Age_all,All,2179.0,5.25326069,17.57626088,27.03656318
377,AS,Asia,ISR,Israel,2014,All,Age_all,All,2377.0,5.63670856,18.84602015,28.93252432
378,AS,Asia,ISR,Israel,2020,All,Age_all,All,2197.0,4.50232596,15.01655856,23.84125947
379,AS,Asia,ISR,Israel,2019,All,Age_all,All,2468.0,5.36475089,17.12494131,27.25856848
380,AS,Asia,ISR,Israel,2018,All,Age_all,All,2338.0,5.24956778,16.38942696,26.32063327
381,AS,Asia,ISR,Israel,2017,All,Age_all,All,2543.0,5.70230514,18.38750229,29.18537699
382,AS,Asia,ISR,Israel,2016,All,Age_all,All,2584.0,5.8772688,19.24842662,30.23633605
383,AS,Asia,ISR,Israel,2015,All,Age_all,All,2582.0,5.83291917,19.79270002,30.81090814
384,EU,Europe,ITA,Italy,2010,All,Age_all,All,9874.0,1.6889748,6.96402758,16.32514423
385,EU,Europe,ITA,Italy,2011,All,Age_all,All,11381.0,1.91549988,7.76571619,19.16655964
386,EU,Europe,ITA,Italy,2012,All,Age_all,All,12839.0,2.09267832,8.4723279,21.56375428
387,EU,Europe,ITA,Italy,2013,All,Age_all,All,13083.0,2.18159807,8.18987798,21.72030962
388,EU,Europe,ITA,Italy,2014,All,Age_all,All,13449.0,2.2464797,8.08426499,22.12401755
389,EU,Europe,ITA,Italy,2019,All,Age_all,All,15013.0,2.34045671,7.54168368,25.25789067
390,EU,Europe,ITA,Italy,2018,All,Age_all,All,14191.0,2.24207666,7.48819099,23.70016471
391,EU,Europe,ITA,Italy,2017,All,Age_all,All,14388.0,2.21144949,7.61905759,23.76739707
392,EU,Europe,ITA,Italy,2016,All,Age_all,All,13149.0,2.12738419,7.25805819,21.68817852
393,EU,Europe,ITA,Italy,2015,All,Age_all,All,16114.0,2.49424191,9.27981961,26.53358402
394,EU,Europe,ITA,Italy,2020,All,Age_all,All,14101.0,1.88939388,7.1016276,23.72353669
395,AS,Asia,JPN,Japan,2010,All,Age_all,All,26569.0,2.21961016,7.37150155,21.02281748
396,AS,Asia,JPN,Japan,2011,All,Age_all,All,27044.0,2.1582263,7.21538197,21.43287367
397,AS,Asia,JPN,Japan,2012,All,Age_all,All,27382.0,2.17947259,7.01393548,21.73899236
398,AS,Asia,JPN,Japan,2013,All,Age_all,All,26397.0,2.08106676,6.52469242,20.99933176
399,AS,Asia,JPN,Japan,2014,All,Age_all,All,26216.0,2.0593808,6.30212654,20.90056764
400,AS,Asia,JPN,Japan,2020,All,Age_all,All,22776.0,1.6591453,4.45469929,18.4572055
401,AS,Asia,JPN,Japan,2019,All,Age_all,All,24148.0,1.74847023,4.9076215,19.51650407
402,AS,Asia,JPN,Japan,2018,All,Age_all,All,24794.0,1.81978319,5.12532828,19.9600244
403,AS,Asia,JPN,Japan,2017,All,Age_all,All,25449.0,1.8986166,5.36268979,20.41661626
404,AS,Asia,JPN,Japan,2016,All,Age_all,All,25697.0,1.96498102,5.867752,20.55426988
405,AS,Asia,JPN,Japan,2015,All,Age_all,All,25851.0,2.00326399,6.04755387,20.62810773
406,AS,Asia,JPN,Japan,2021,All,Age_all,All,22772.0,1.58154704,4.40999205,18.54692106
407,AS,Asia,KAZ,Kazakhstan,2010,All,Age_all,All,2660.0,1.82350401,15.97511553,16.2957375
408,AS,Asia,KAZ,Kazakhstan,2011,All,Age_all,All,2327.0,1.6137645,13.69165938,14.06146291
409,AS,Asia,KAZ,Kazakhstan,2012,All,Age_all,All,2100.0,1.46976484,12.30191558,12.50638123
410,AS,Asia,KAZ,Kazakhstan,2013,All,Age_all,All,2001.0,1.46850529,11.54112693,11.74621415
411,AS,Asia,KAZ,Kazakhstan,2014,All,Age_all,All,1768.0,1.34046021,10.00577485,10.2260903
412,AS,Asia,KAZ,Kazakhstan,2021,All,Age_all,All,1522.0,0.8344161,7.66436512,8.00933756
413,AS,Asia,KAZ,Kazakhstan,2020,All,Age_all,All,2931.0,1.81673929,15.36757223,15.62727806
414,AS,Asia,KAZ,Kazakhstan,2019,All,Age_all,All,1548.0,1.1627907,8.06673915,8.36138782
415,AS,Asia,KAZ,Kazakhstan,2018,All,Age_all,All,1470.0,1.12688581,7.849683,8.0431366
416,AS,Asia,KAZ,Kazakhstan,2017,All,Age_all,All,1576.0,1.2216202,8.5515915,8.73721929
417,AS,Asia,KAZ,Kazakhstan,2016,All,Age_all,All,1547.0,1.17883732,8.42125585,8.67913594
418,AS,Asia,KAZ,Kazakhstan,2015,All,Age_all,All,1660.0,1.26689511,9.23143514,9.46185635
419,AS,Asia,KOR,Republic of Korea,2010,All,Age_all,All,6861.0,2.68632172,11.12551147,13.75506401
420,AS,Asia,KOR,Republic of Korea,2011,All,Age_all,All,6945.0,2.69817713,10.75237066,13.859101
421,AS,Asia,KOR,Republic of Korea,2012,All,Age_all,All,7287.0,2.72695634,10.67889589,14.47403508
422,AS,Asia,KOR,Republic of Korea,2013,All,Age_all,All,6894.0,2.5892277,9.59806444,13.63556758
423,AS,Asia,KOR,Republic of Korea,2014,All,Age_all,All,7097.0,2.65118121,9.32350929,13.98061169
424,AS,Asia,KOR,Republic of Korea,2020,All,Age_all,All,9645.0,3.16283432,9.01476808,18.78313376
425,AS,Asia,KOR,Republic of Korea,2019,All,Age_all,All,8853.0,2.99989834,8.82151538,17.24472969
426,AS,Asia,KOR,Republic of Korea,2018,All,Age_all,All,8961.0,2.99879526,9.40157592,17.46753662
427,AS,Asia,KOR,Republic of Korea,2017,All,Age_all,All,8162.0,2.85850372,9.07521238,15.93185212
428,AS,Asia,KOR,Republic of Korea,2016,All,Age_all,All,8175.0,2.91104488,9.67554862,15.99398305
429,AS,Asia,KOR,Republic of Korea,2015,All,Age_all,All,7479.0,2.7108139,9.30500154,14.67860163
430,AS,Asia,KOR,Republic of Korea,2021,All,Age_all,All,10140.0,3.19189121,8.97590641,19.75327786
431,AS,Asia,KWT,Kuwait,2010,All,Age_all,All,184.0,3.3773862,15.77570026,5.15921072
432,AS,Asia,KWT,Kuwait,2011,All,Age_all,All,243.0,4.55141412,20.782822,6.69051206
433,AS,Asia,KWT,Kuwait,2012,All,Age_all,All,273.0,4.58823529,24.15275894,7.17167331
434,AS,Asia,KWT,Kuwait,2013,All,Age_all,All,264.0,4.46776104,23.41268617,6.78326866
435,AS,Asia,KWT,Kuwait,2014,All,Age_all,All,386.0,6.4002653,35.00109938,9.55576818
436,AS,Asia,KWT,Kuwait,2019,All,Age_all,All,327.0,4.47577334,23.07387757,7.03073247
437,AS,Asia,KWT,Kuwait,2018,All,Age_all,All,255.0,3.74614368,17.62555545,5.58724216
438,AS,Asia,KWT,Kuwait,2017,All,Age_all,All,285.0,4.26710585,23.23504988,6.42240495
439,AS,Asia,KWT,Kuwait,2016,All,Age_all,All,245.0,3.86557274,19.80925652,5.65779617
440,AS,Asia,KWT,Kuwait,2015,All,Age_all,All,427.0,6.58848943,41.17159142,10.5707591
441,AS,Asia,KGZ,Kyrgyzstan,2010,All,Age_all,All,1009.0,2.78929618,19.91188827,18.52069399
442,AS,Asia,KGZ,Kyrgyzstan,2011,All,Age_all,All,1103.0,3.06891851,21.62142337,20.00089215
443,AS,Asia,KGZ,Kyrgyzstan,2012,All,Age_all,All,1054.0,2.91272868,20.31223354,18.79621814
444,AS,Asia,KGZ,Kyrgyzstan,2013,All,Age_all,All,1064.0,3.05045872,20.08944126,18.60187991
445,AS,Asia,KGZ,Kyrgyzstan,2014,All,Age_all,All,990.0,2.78473179,18.54434072,16.9642086
446,AS,Asia,KGZ,Kyrgyzstan,2019,All,Age_all,All,710.0,2.13245232,12.2539502,10.99664448
447,AS,Asia,KGZ,Kyrgyzstan,2018,All,Age_all,All,805.0,2.44020734,14.25530248,12.73106689
448,AS,Asia,KGZ,Kyrgyzstan,2017,All,Age_all,All,853.0,2.57191099,15.36273681,13.76147159
449,AS,Asia,KGZ,Kyrgyzstan,2016,All,Age_all,All,849.0,2.53622106,15.21605585,13.69693948
450,AS,Asia,KGZ,Kyrgyzstan,2015,All,Age_all,All,969.0,2.78376282,17.89900296,16.26583716
451,EU,Europe,LVA,Latvia,2010,All,Age_all,All,270.0,0.89763622,10.1478985,12.87212969
452,EU,Europe,LVA,Latvia,2011,All,Age_all,All,284.0,0.99474606,10.71452689,13.78835554
453,EU,Europe,LVA,Latvia,2012,All,Age_all,All,288.0,0.99125766,10.97149782,14.15707173
454,EU,Europe,LVA,Latvia,2013,All,Age_all,All,384.0,1.33858542,14.22278218,19.07935172
455,EU,Europe,LVA,Latvia,2014,All,Age_all,All,311.0,1.10279777,11.85893171,15.59849572
456,EU,Europe,LVA,Latvia,2021,All,Age_all,All,324.0,0.94651047,10.02901419,17.19298059
457,EU,Europe,LVA,Latvia,2020,All,Age_all,All,294.0,1.02836755,9.06701251,15.4700284
458,EU,Europe,LVA,Latvia,2019,All,Age_all,All,386.0,1.40404481,12.21693746,20.1690701
459,EU,Europe,LVA,Latvia,2018,All,Age_all,All,343.0,1.20224325,11.61943188,17.79808154
460,EU,Europe,LVA,Latvia,2017,All,Age_all,All,337.0,1.18415967,11.89750524,17.35102829
461,EU,Europe,LVA,Latvia,2016,All,Age_all,All,338.0,1.19794436,11.59174819,17.24897259
462,EU,Europe,LVA,Latvia,2015,All,Age_all,All,328.0,1.16373958,12.35630515,16.58637278
463,EU,Europe,LTU,Lithuania,2010,All,Age_all,All,511.0,1.21320038,11.46308432,16.49833628
464,EU,Europe,LTU,Lithuania,2011,All,Age_all,All,577.0,1.4060482,12.82354204,19.05475849
465,EU,Europe,LTU,Lithuania,2012,All,Age_all,All,628.0,1.53402707,14.01911514,21.01899977
466,EU,Europe,LTU,Lithuania,2013,All,Age_all,All,668.0,1.60921202,14.29703588,22.58520081
467,EU,Europe,LTU,Lithuania,2014,All,Age_all,All,712.0,1.76885621,14.73990232,24.28072612
468,EU,Europe,LTU,Lithuania,2021,All,Age_all,All,733.0,1.53520714,12.4166681,26.10045649
469,EU,Europe,LTU,Lithuania,2020,All,Age_all,All,747.0,1.71538797,13.14579588,26.72739666
470,EU,Europe,LTU,Lithuania,2019,All,Age_all,All,664.0,1.73454194,11.55070354,23.76404593
471,EU,Europe,LTU,Lithuania,2018,All,Age_all,All,642.0,1.62227725,11.8294591,22.91594311
472,EU,Europe,LTU,Lithuania,2017,All,Age_all,All,665.0,1.656619,13.02247715,23.51150101
473,EU,Europe,LTU,Lithuania,2016,All,Age_all,All,830.0,2.01916995,16.28817096,28.93769714
474,EU,Europe,LTU,Lithuania,2015,All,Age_all,All,757.0,1.81204519,15.06426225,26.05932714
475,EU,Europe,LTU,Lithuania,2022,All,Age_all,All,752.0,1.75356776,12.04437777,26.55706228
476,EU,Europe,LUX,Luxembourg,2010,All,Age_all,All,91.0,2.51311792,9.43060948,17.94992169
477,EU,Europe,LUX,Luxembourg,2011,All,Age_all,All,90.0,2.41805481,9.66327106,17.36285276
478,EU,Europe,LUX,Luxembourg,2012,All,Age_all,All,91.0,2.44557915,8.98704387,17.13873524
479,EU,Europe,LUX,Luxembourg,2013,All,Age_all,All,85.0,2.31544538,8.20688071,15.64340401
480,EU,Europe,LUX,Luxembourg,2014,All,Age_all,All,53.0,1.43049933,5.00783509,9.52690812
481,EU,Europe,LUX,Luxembourg,2021,All,Age_all,All,74.0,1.75480199,5.1386588,11.56134387
482,EU,Europe,LUX,Luxembourg,2020,All,Age_all,All,82.0,1.88592456,5.71156424,13.00722218
483,EU,Europe,LUX,Luxembourg,2019,All,Age_all,All,67.0,1.67165669,4.70333833,10.80637318
484,EU,Europe,LUX,Luxembourg,2018,All,Age_all,All,65.0,1.62378216,5.3219192,10.69167752
485,EU,Europe,LUX,Luxembourg,2017,All,Age_all,All,100.0,2.49252243,8.17852086,16.76906979
486,EU,Europe,LUX,Luxembourg,2016,All,Age_all,All,52.0,1.34784863,4.63403542,8.91238101
487,EU,Europe,LUX,Luxembourg,2015,All,Age_all,All,71.0,1.84943996,6.22580169,12.46480011
488,EU,Europe,LUX,Luxembourg,2022,All,Age_all,All,118.0,2.84131953,8.42031187,18.06759424
489,AS,Asia,MDV,Maldives,2010,All,Age_all,All,31.0,2.71691499,15.2666108,8.47610558
490,AS,Asia,MDV,Maldives,2011,All,Age_all,All,43.0,3.63790186,17.52366976,11.30106835
491,AS,Asia,MDV,Maldives,2012,All,Age_all,All,53.0,4.42035029,23.2796234,13.34216098
492,AS,Asia,MDV,Maldives,2013,All,Age_all,All,55.0,4.82033304,23.37296156,13.23410163
493,AS,Asia,MDV,Maldives,2014,All,Age_all,All,63.0,5.44511668,27.17230864,14.48225923
494,AS,Asia,MDV,Maldives,2019,All,Age_all,All,71.0,6.27208481,25.92692924,13.37218172
495,AS,Asia,MDV,Maldives,2018,All,Age_all,All,50.0,3.84319754,16.87621652,9.69563464
496,AS,Asia,MDV,Maldives,2017,All,Age_all,All,62.0,4.99597099,23.12184879,12.48987716
497,AS,Asia,MDV,Maldives,2016,All,Age_all,All,72.0,5.71428571,27.56854696,15.14157371
498,AS,Asia,MDV,Maldives,2015,All,Age_all,All,58.0,4.97854077,22.23208722,12.74963455
499,EU,Europe,MLT,Malta,2010,All,Age_all,All,6.0,0.19933555,1.19056288,1.44731066
500,EU,Europe,MLT,Malta,2011,All,Age_all,All,28.0,0.8570554,4.74237707,6.72562801
501,EU,Europe,MLT,Malta,2012,All,Age_all,All,26.0,0.76023392,3.23946299,6.19775117
502,EU,Europe,MLT,Malta,2013,All,Age_all,All,26.0,0.80346106,3.28980617,6.14031566
503,EU,Europe,MLT,Malta,2014,All,Age_all,All,27.0,0.82568807,3.95798044,6.31695682
504,EU,Europe,MLT,Malta,2017,All,Age_all,All,33.0,0.92411089,3.35368601,7.05043841
505,EU,Europe,MLT,Malta,2016,All,Age_all,All,36.0,1.07687706,4.36213792,7.90496476
506,EU,Europe,MLT,Malta,2015,All,Age_all,All,24.0,0.69706651,2.90833473,5.55637872
507,EU,Europe,MLT,Malta,2020,All,Age_all,All,68.0,1.66218528,6.46405228,15.40053857
508,EU,Europe,MLT,Malta,2019,All,Age_all,All,50.0,1.35574837,5.55555946,11.35403704
509,EU,Europe,MLT,Malta,2018,All,Age_all,All,51.0,1.38286334,4.53892575,11.61075292
510,AF,Africa,MUS,Mauritius,2010,All,Age_all,All,265.0,2.98054212,20.84018576,21.31794794
511,AF,Africa,MUS,Mauritius,2011,All,Age_all,All,294.0,3.28454921,22.62167803,23.55531413
512,AF,Africa,MUS,Mauritius,2012,All,Age_all,All,312.0,3.4274415,23.57855451,24.90023943
513,AF,Africa,MUS,Mauritius,2013,All,Age_all,All,308.0,3.33658325,23.09878496,25.30104548
514,AF,Africa,MUS,Mauritius,2014,All,Age_all,All,240.0,2.54291163,17.58260789,19.68398995
515,AF,Africa,MUS,Mauritius,2021,All,Age_all,All,295.0,2.22238963,18.83986714,23.30063346
516,AF,Africa,MUS,Mauritius,2020,All,Age_all,All,322.0,2.91139241,21.2379298,25.43966375
517,AF,Africa,MUS,Mauritius,2019,All,Age_all,All,322.0,2.88168964,21.58059759,25.44024663
518,AF,Africa,MUS,Mauritius,2018,All,Age_all,All,261.0,2.41957912,17.53827865,20.62747026
519,AF,Africa,MUS,Mauritius,2017,All,Age_all,All,250.0,2.5216865,17.45952979,20.45868369
520,AF,Africa,MUS,Mauritius,2016,All,Age_all,All,256.0,2.58064516,18.50405507,20.96276407
521,AF,Africa,MUS,Mauritius,2015,All,Age_all,All,229.0,2.4115417,16.37442113,18.76029666
522,AF,Africa,MUS,Mauritius,2022,All,Age_all,All,271.0,2.09460504,17.61696056,21.46961495
523,CSA,Central and South America,MEX,Mexico,2010,All,Age_all,All,17837.0,3.08293523,17.44654249,15.63374246
524,CSA,Central and South America,MEX,Mexico,2011,All,Age_all,All,18408.0,3.19216456,17.59769176,15.9107349
525,CSA,Central and South America,MEX,Mexico,2012,All,Age_all,All,18552.0,3.15603597,17.3127715,15.81934229
526,CSA,Central and South America,MEX,Mexico,2013,All,Age_all,All,19152.0,3.21272745,17.52328117,16.1175272
527,CSA,Central and South America,MEX,Mexico,2014,All,Age_all,All,17475.0,2.82722615,15.62068223,14.5195309
528,CSA,Central and South America,MEX,Mexico,2020,All,Age_all,All,18619.0,1.74016176,14.64194178,14.44086128
529,CSA,Central and South America,MEX,Mexico,2019,All,Age_all,All,20544.0,2.81788667,16.52270143,16.10340177
530,CSA,Central and South America,MEX,Mexico,2018,All,Age_all,All,18889.0,2.67872464,15.47204619,14.96860452
531,CSA,Central and South America,MEX,Mexico,2017,All,Age_all,All,16763.0,2.43482631,13.96738127,13.43433203
532,CSA,Central and South America,MEX,Mexico,2016,All,Age_all,All,16805.0,2.50247194,14.32289738,13.62567096
533,CSA,Central and South America,MEX,Mexico,2015,All,Age_all,All,17032.0,2.65755434,14.837211,13.97689437
534,CSA,Central and South America,MEX,Mexico,2021,All,Age_all,All,19469.0,1.77264702,14.98382626,14.94600706
535,EU,Europe,NLD,Netherlands,2010,All,Age_all,All,2208.0,1.62283732,6.69961802,13.28888138
536,EU,Europe,NLD,Netherlands,2011,All,Age_all,All,2192.0,1.61484003,6.44004124,13.13119441
537,EU,Europe,NLD,Netherlands,2012,All,Age_all,All,2298.0,1.6319516,6.52636752,13.71533997
538,EU,Europe,NLD,Netherlands,2013,All,Age_all,All,3265.0,2.31158625,8.67926693,19.42939815
539,EU,Europe,NLD,Netherlands,2014,All,Age_all,All,3181.0,2.28482363,8.32361768,18.86153864
540,EU,Europe,NLD,Netherlands,2020,All,Age_all,All,3046.0,1.80580751,6.51125229,17.39370815
541,EU,Europe,NLD,Netherlands,2019,All,Age_all,All,3406.0,2.24248609,7.28004624,19.50615188
542,EU,Europe,NLD,Netherlands,2018,All,Age_all,All,3417.0,2.22804718,7.78880193,19.73273093
543,EU,Europe,NLD,Netherlands,2017,All,Age_all,All,3237.0,2.15492564,7.72644788,18.89281453
544,EU,Europe,NLD,Netherlands,2016,All,Age_all,All,3143.0,2.10943845,7.88516691,18.45532619
545,EU,Europe,NLD,Netherlands,2015,All,Age_all,All,3564.0,2.42228173,8.85497189,21.03905543
546,EU,Europe,NLD,Netherlands,2022,All,Age_all,All,3217.0,1.89110704,7.13175099,18.18010739
547,EU,Europe,NLD,Netherlands,2021,All,Age_all,All,3058.0,1.78859696,6.69655804,17.4357865
548,CSA,Central and South America,NIC,Nicaragua,2010,All,Age_all,All,790.0,4.12597274,16.5008013,13.56440905
549,CSA,Central and South America,NIC,Nicaragua,2011,All,Age_all,All,643.0,3.2935512,13.27620861,10.89269442
550,CSA,Central and South America,NIC,Nicaragua,2012,All,Age_all,All,706.0,3.47783251,14.12754005,11.80103522
551,CSA,Central and South America,NIC,Nicaragua,2013,All,Age_all,All,753.0,3.52181844,14.50570411,12.42070665
552,CSA,Central and South America,NIC,Nicaragua,2014,All,Age_all,All,698.0,3.1092699,13.1411037,11.36302404
553,CSA,Central and South America,NIC,Nicaragua,2020,All,Age_all,All,675.0,2.00409727,11.34321779,10.1893652
554,CSA,Central and South America,NIC,Nicaragua,2019,All,Age_all,All,690.0,2.83752108,11.50881475,10.54159024
555,CSA,Central and South America,NIC,Nicaragua,2018,All,Age_all,All,630.0,2.67686424,10.61497467,9.74402448
556,CSA,Central and South America,NIC,Nicaragua,2017,All,Age_all,All,712.0,2.98833207,12.36063973,11.15140444
557,CSA,Central and South America,NIC,Nicaragua,2016,All,Age_all,All,791.0,3.33220996,14.09362773,12.54764058
558,CSA,Central and South America,NIC,Nicaragua,2015,All,Age_all,All,772.0,3.45274833,14.42363674,12.40511374
559,CSA,Central and South America,NIC,Nicaragua,2021,All,Age_all,All,771.0,2.16184388,12.67227027,11.50336783
560,EU,Europe,MKD,North Macedonia,2010,All,Age_all,All,77.0,0.40286716,3.55052249,3.74695134
561,EU,Europe,MKD,North Macedonia,2011,All,Age_all,All,61.0,0.313383,2.99353935,2.96326667
562,EU,Europe,MKD,North Macedonia,2012,All,Age_all,All,82.0,0.40727128,3.6729251,3.9785662
563,EU,Europe,MKD,North Macedonia,2013,All,Age_all,All,53.0,0.2759267,2.6977426,2.56778965
564,EU,Europe,MKD,North Macedonia,2021,All,Age_all,All,96.0,0.33665311,4.08500215,5.2267284
565,EU,Europe,MKD,North Macedonia,2020,All,Age_all,All,83.0,0.32226752,3.57802181,4.00476519
566,EU,Europe,MKD,North Macedonia,2019,All,Age_all,All,40.0,0.19563729,1.66396838,1.92613837
567,EU,Europe,MKD,North Macedonia,2018,All,Age_all,All,57.0,0.28894409,2.56059195,2.74537777
568,EU,Europe,MKD,North Macedonia,2017,All,Age_all,All,108.0,0.53154838,4.54916333,5.20606873
569,EU,Europe,MKD,North Macedonia,2016,All,Age_all,All,104.0,0.50927966,4.4925548,5.0181183
570,EU,Europe,MKD,North Macedonia,2015,All,Age_all,All,41.0,0.20038121,1.85771417,1.9804601
571,CSA,Central and South America,PAN,Panama,2010,All,Age_all,All,1321.0,7.98573328,37.38882294,36.26443886
572,CSA,Central and South America,PAN,Panama,2011,All,Age_all,All,1186.0,7.24628826,33.18421353,31.99798839
573,CSA,Central and South America,PAN,Panama,2012,All,Age_all,All,1168.0,6.73198847,31.6409021,30.97628882
574,CSA,Central and South America,PAN,Panama,2013,All,Age_all,All,1254.0,7.05802893,33.28509009,32.69511802
575,CSA,Central and South America,PAN,Panama,2014,All,Age_all,All,1260.0,6.9341258,32.60630103,32.29681077
576,CSA,Central and South America,PAN,Panama,2019,All,Age_all,All,1066.0,5.31697342,24.59454765,25.10338663
577,CSA,Central and South America,PAN,Panama,2018,All,Age_all,All,1151.0,5.836714,27.0766538,27.55652619
578,CSA,Central and South America,PAN,Panama,2017,All,Age_all,All,1261.0,6.47264141,30.37921442,30.70540369
579,CSA,Central and South America,PAN,Panama,2016,All,Age_all,All,1187.0,6.28641034,29.25656148,29.40245395
580,CSA,Central and South America,PAN,Panama,2015,All,Age_all,All,1169.0,6.42943571,29.69930594,29.45707016
581,CSA,Central and South America,PAN,Panama,2021,All,Age_all,All,1127.0,4.56959818,24.89038549,25.72132101
582,CSA,Central and South America,PRY,Paraguay,2010,All,Age_all,All,1180.0,4.50846292,24.2796542,18.88598308
583,CSA,Central and South America,PRY,Paraguay,2011,All,Age_all,All,1225.0,4.76727895,24.68656742,19.34014275
584,CSA,Central and South America,PRY,Paraguay,2012,All,Age_all,All,1089.0,4.2444557,21.66864541,16.95862019
585,CSA,Central and South America,PRY,Paraguay,2013,All,Age_all,All,1394.0,5.03394482,26.95726576,21.41230264
586,CSA,Central and South America,PRY,Paraguay,2014,All,Age_all,All,941.0,3.4884152,17.11069613,14.25859978
587,CSA,Central and South America,PRY,Paraguay,2020,All,Age_all,All,1070.0,3.03434194,16.94053974,15.00167262
588,CSA,Central and South America,PRY,Paraguay,2019,All,Age_all,All,1037.0,3.2043755,16.93312389,14.72041991
589,CSA,Central and South America,PRY,Paraguay,2018,All,Age_all,All,951.0,3.04242114,15.88672308,13.67152066
590,CSA,Central and South America,PRY,Paraguay,2017,All,Age_all,All,858.0,2.95647979,14.56094319,12.49442811
591,CSA,Central and South America,PRY,Paraguay,2016,All,Age_all,All,1109.0,3.54143382,19.49450114,16.36206762
592,CSA,Central and South America,PRY,Paraguay,2015,All,Age_all,All,977.0,3.41119374,17.51404099,14.60662432
593,CSA,Central and South America,PRY,Paraguay,2021,All,Age_all,All,969.0,1.82571832,14.89536879,13.42172558
594,CSA,Central and South America,PER,Peru,2010,All,Age_all,All,9836.0,9.90194697,41.67794958,33.88490583
595,CSA,Central and South America,PER,Peru,2011,All,Age_all,All,8698.0,8.98071284,35.34975409,29.72220299
596,CSA,Central and South America,PER,Peru,2012,All,Age_all,All,9915.0,10.12240814,39.09477145,33.60243751
597,CSA,Central and South America,PER,Peru,2013,All,Age_all,All,10049.0,10.19003002,38.10604725,33.75093836
598,CSA,Central and South America,PER,Peru,2014,All,Age_all,All,10321.0,10.69988285,37.67923271,34.30002281
599,CSA,Central and South America,PER,Peru,2020,All,Age_all,All,7032.0,3.00516673,19.98700701,21.32728114
600,CSA,Central and South America,PER,Peru,2019,All,Age_all,All,8424.0,6.34466345,24.87912864,25.91166601
601,CSA,Central and South America,PER,Peru,2018,All,Age_all,All,8187.0,6.51883112,25.22066061,25.59296464
602,CSA,Central and South America,PER,Peru,2017,All,Age_all,All,10066.0,8.30925691,32.20766936,32.01216322
603,CSA,Central and South America,PER,Peru,2016,All,Age_all,All,6819.0,7.01247416,22.81482747,22.04938545
604,CSA,Central and South America,PER,Peru,2015,All,Age_all,All,7416.0,7.70573566,25.98907871,24.33810751
605,EU,Europe,POL,Poland,2010,All,Age_all,All,3019.0,0.79766856,5.42195449,7.93588144
606,EU,Europe,POL,Poland,2011,All,Age_all,All,3321.0,0.88441842,5.83873475,8.72775277
607,EU,Europe,POL,Poland,2012,All,Age_all,All,2770.0,0.71987692,4.71149467,7.27814774
608,EU,Europe,POL,Poland,2013,All,Age_all,All,2218.0,0.57266493,3.73813313,5.83198744
609,EU,Europe,POL,Poland,2014,All,Age_all,All,2162.0,0.57428672,3.56549917,5.68855244
610,EU,Europe,POL,Poland,2020,All,Age_all,All,1890.0,0.39593175,2.79111593,4.98289798
611,EU,Europe,POL,Poland,2019,All,Age_all,All,1929.0,0.47082197,2.84814209,5.08325309
612,EU,Europe,POL,Poland,2018,All,Age_all,All,2099.0,0.50676002,3.16770159,5.53123289
613,EU,Europe,POL,Poland,2017,All,Age_all,All,2154.0,0.53468768,3.25809882,5.67404762
614,EU,Europe,POL,Poland,2016,All,Age_all,All,2142.0,0.55204905,3.38826358,5.64326072
615,EU,Europe,POL,Poland,2015,All,Age_all,All,2107.0,0.53352443,3.43009962,5.54742472
616,EU,Europe,POL,Poland,2021,All,Age_all,All,2463.0,0.47409421,3.54167506,6.52671427
617,EU,Europe,PRT,Portugal,2010,All,Age_all,All,2731.0,2.57054649,13.80572909,25.8296999
618,EU,Europe,PRT,Portugal,2011,All,Age_all,All,2340.0,2.26737595,11.88248801,22.16421219
619,EU,Europe,PRT,Portugal,2012,All,Age_all,All,2403.0,2.22563884,11.47602357,22.8534061
620,EU,Europe,PRT,Portugal,2013,All,Age_all,All,2497.0,2.33635241,11.54800204,23.87806789
621,EU,Europe,PRT,Portugal,2014,All,Age_all,All,2276.0,2.16310742,10.39394241,21.88238086
622,EU,Europe,PRT,Portugal,2019,All,Age_all,All,1938.0,1.72521231,7.55726811,18.95134521
623,EU,Europe,PRT,Portugal,2018,All,Age_all,All,2145.0,1.88865311,8.67899168,20.85800396
624,EU,Europe,PRT,Portugal,2017,All,Age_all,All,2096.0,1.90215172,8.29916835,20.34892188
625,EU,Europe,PRT,Portugal,2016,All,Age_all,All,2079.0,1.87347932,8.77998784,20.13471275
626,EU,Europe,PRT,Portugal,2015,All,Age_all,All,2071.0,1.90136061,9.31435559,19.99406067
627,EU,Europe,ROU,Romania,2010,All,Age_all,All,2628.0,1.01184724,9.48464077,12.26243973
628,EU,Europe,ROU,Romania,2011,All,Age_all,All,2382.0,0.94734707,8.74183142,11.15461191
629,EU,Europe,ROU,Romania,2012,All,Age_all,All,2534.0,0.99162946,9.29082925,12.63198908
630,EU,Europe,ROU,Romania,2013,All,Age_all,All,2466.0,0.99646429,8.65832211,12.33697409
631,EU,Europe,ROU,Romania,2014,All,Age_all,All,2766.0,1.08485478,9.43141246,13.8880165
632,EU,Europe,ROU,Romania,2019,All,Age_all,All,4372.0,1.68225666,12.58377434,22.56418885
633,EU,Europe,ROU,Romania,2018,All,Age_all,All,3842.0,1.45001378,11.77327163,19.71890551
634,EU,Europe,ROU,Romania,2017,All,Age_all,All,3462.0,1.31975709,10.80623762,17.66963629
635,EU,Europe,ROU,Romania,2016,All,Age_all,All,3270.0,1.26546029,10.48996919,16.59357375
636,EU,Europe,ROU,Romania,2015,All,Age_all,All,2870.0,1.0983796,9.61766624,14.48054428
637,EU,Europe,RUS,Russian Federation,2010,All,Age_all,All,34873.0,1.71913852,21.28856311,24.41241153
638,EU,Europe,RUS,Russian Federation,2011,All,Age_all,All,34949.0,1.81485367,21.2769442,24.44654311
639,EU,Europe,RUS,Russian Federation,2012,All,Age_all,All,33236.0,1.74345013,20.17259721,23.20921682
640,EU,Europe,RUS,Russian Federation,2013,All,Age_all,All,32936.0,1.75958124,19.89812673,22.95079795
641,EU,Europe,RUS,Russian Federation,2014,All,Age_all,All,33253.0,1.77062351,20.2096388,23.1716931
642,EU,Europe,RUS,Russian Federation,2019,All,Age_all,All,33994.0,1.89033352,19.64528366,23.16225252
643,EU,Europe,RUS,Russian Federation,2018,All,Age_all,All,35670.0,1.95034201,21.08666578,24.47609391
644,EU,Europe,RUS,Russian Federation,2017,All,Age_all,All,36045.0,1.97385174,21.42007545,24.7680751
645,EU,Europe,RUS,Russian Federation,2016,All,Age_all,All,36406.0,1.92520948,21.77675098,25.05999244
646,EU,Europe,RUS,Russian Federation,2015,All,Age_all,All,35516.0,1.86089793,21.02303904,24.2585688
647,NAC,North America and the Caribbean,LCA,Saint Lucia,2010,All,Age_all,All,44.0,4.03299725,22.61344846,25.27500934
648,NAC,North America and the Caribbean,LCA,Saint Lucia,2011,All,Age_all,All,32.0,3.30237358,17.36638749,18.22904799
649,NAC,North America and the Caribbean,LCA,Saint Lucia,2012,All,Age_all,All,43.0,3.73588184,20.84696161,24.34247025
650,NAC,North America and the Caribbean,LCA,Saint Lucia,2013,All,Age_all,All,47.0,4.30009149,23.48144067,26.47693408
651,NAC,North America and the Caribbean,LCA,Saint Lucia,2014,All,Age_all,All,53.0,4.07066052,24.63049979,29.72584915
652,NAC,North America and the Caribbean,LCA,Saint Lucia,2020,All,Age_all,All,30.0,2.35663786,14.58716824,16.33746671
653,NAC,North America and the Caribbean,LCA,Saint Lucia,2019,All,Age_all,All,37.0,2.85935085,15.91575553,20.24180754
654,NAC,North America and the Caribbean,LCA,Saint Lucia,2018,All,Age_all,All,45.0,3.94390885,20.04636513,24.74036363
655,NAC,North America and the Caribbean,LCA,Saint Lucia,2017,All,Age_all,All,38.0,3.20945946,17.84661526,20.99981211
656,NAC,North America and the Caribbean,LCA,Saint Lucia,2016,All,Age_all,All,44.0,3.85288967,20.71916232,24.44118562
657,NAC,North America and the Caribbean,LCA,Saint Lucia,2015,All,Age_all,All,36.0,3.26382593,17.43999388,20.09758494
658,NAC,North America and the Caribbean,VCT,Saint Vincent and the Grenadines,2010,All,Age_all,All,59.0,7.16889429,54.23287172,54.50094684
659,NAC,North America and the Caribbean,VCT,Saint Vincent and the Grenadines,2011,All,Age_all,All,53.0,6.09195402,47.70936693,48.93090587
660,NAC,North America and the Caribbean,VCT,Saint Vincent and the Grenadines,2012,All,Age_all,All,79.0,9.1967404,69.6442884,72.85470558
661,NAC,North America and the Caribbean,VCT,Saint Vincent and the Grenadines,2013,All,Age_all,All,79.0,8.67178924,67.90986905,72.72928136
662,NAC,North America and the Caribbean,VCT,Saint Vincent and the Grenadines,2014,All,Age_all,All,77.0,7.73869347,64.9048557,70.73240187
663,NAC,North America and the Caribbean,VCT,Saint Vincent and the Grenadines,2021,All,Age_all,All,60.0,5.84225901,44.59529196,53.92628277
664,NAC,North America and the Caribbean,VCT,Saint Vincent and the Grenadines,2020,All,Age_all,All,64.0,6.20756547,50.93310017,57.68884082
665,NAC,North America and the Caribbean,VCT,Saint Vincent and the Grenadines,2019,All,Age_all,All,45.0,4.64396285,34.03677725,40.69120799
666,NAC,North America and the Caribbean,VCT,Saint Vincent and the Grenadines,2018,All,Age_all,All,36.0,3.87931034,29.1060984,32.66461606
667,NAC,North America and the Caribbean,VCT,Saint Vincent and the Grenadines,2017,All,Age_all,All,45.0,5.07900677,36.22857246,40.9735311
668,NAC,North America and the Caribbean,VCT,Saint Vincent and the Grenadines,2016,All,Age_all,All,70.0,7.58396533,55.388828,63.95088572
669,NAC,North America and the Caribbean,VCT,Saint Vincent and the Grenadines,2015,All,Age_all,All,53.0,6.02957907,42.32677484,48.55792135
670,EU,Europe,SRB,Serbia,2010,All,Age_all,All,499.0,0.4834756,4.23558869,6.84364507
671,EU,Europe,SRB,Serbia,2011,All,Age_all,All,498.0,0.48380046,4.0437624,6.88406393
672,EU,Europe,SRB,Serbia,2012,All,Age_all,All,534.0,0.52148438,4.09716399,7.41761756
673,EU,Europe,SRB,Serbia,2013,All,Age_all,All,672.0,0.66999003,5.03279876,9.38006167
674,EU,Europe,SRB,Serbia,2014,All,Age_all,All,639.0,0.63112981,4.82362275,8.95988621
675,EU,Europe,SRB,Serbia,2021,All,Age_all,All,1185.0,0.86735665,8.11494222,17.33894462
676,EU,Europe,SRB,Serbia,2020,All,Age_all,All,919.0,0.78647839,6.4286899,13.32052785
677,EU,Europe,SRB,Serbia,2019,All,Age_all,All,816.0,0.80427369,5.74955615,11.74906249
678,EU,Europe,SRB,Serbia,2018,All,Age_all,All,758.0,0.74565934,5.65025498,10.85554902
679,EU,Europe,SRB,Serbia,2017,All,Age_all,All,669.0,0.64499335,4.88521855,9.5287499
680,EU,Europe,SRB,Serbia,2016,All,Age_all,All,656.0,0.65057421,4.90530697,9.29399367
681,EU,Europe,SRB,Serbia,2015,All,Age_all,All,673.0,0.64912518,5.08910735,9.48504119
682,EU,Europe,SRB,Serbia,2022,All,Age_all,All,1290.0,1.18128623,8.89346935,19.35643892
683,AF,Africa,SYC,Seychelles,2010,All,Age_all,All,54.0,8.13253012,69.1514344,59.16900421
684,AF,Africa,SYC,Seychelles,2011,All,Age_all,All,34.0,4.94186047,31.96595196,38.88380604
685,AF,Africa,SYC,Seychelles,2012,All,Age_all,All,51.0,7.83410138,56.72024823,57.75568214
686,AF,Africa,SYC,Seychelles,2013,All,Age_all,All,60.0,8.36820084,69.70668054,66.70446586
687,AF,Africa,SYC,Seychelles,2014,All,Age_all,All,83.0,11.44827586,100.1358741,90.85038146
688,AF,Africa,SYC,Seychelles,2021,All,Age_all,All,23.0,2.48648649,27.5955884,23.17193576
689,AF,Africa,SYC,Seychelles,2020,All,Age_all,All,25.0,3.74251497,26.75058977,25.39050598
690,AF,Africa,SYC,Seychelles,2019,All,Age_all,All,42.0,5.28301887,42.44938434,43.02176697
691,AF,Africa,SYC,Seychelles,2017,All,Age_all,All,48.0,6.36604775,48.49868997,49.7832355
692,AF,Africa,SYC,Seychelles,2016,All,Age_all,All,55.0,7.40242261,53.65667488,57.46525964
693,AF,Africa,SYC,Seychelles,2015,All,Age_all,All,49.0,6.97012802,47.1515432,51.59089473
694,AS,Asia,SGP,Singapore,2010,All,Age_all,All,253.0,1.53566009,5.70859639,6.70785057
695,AS,Asia,SGP,Singapore,2011,All,Age_all,All,233.0,1.37975958,5.06963595,6.14889294
696,AS,Asia,SGP,Singapore,2012,All,Age_all,All,229.0,1.32576854,4.66884828,5.99759049
697,AS,Asia,SGP,Singapore,2013,All,Age_all,All,201.0,1.12857945,4.05260288,5.22790683
698,AS,Asia,SGP,Singapore,2014,All,Age_all,All,207.0,1.13505511,3.95429028,5.34781601
699,AS,Asia,SGP,Singapore,2020,All,Age_all,All,209.0,0.99594949,2.96228051,5.16788198
700,AS,Asia,SGP,Singapore,2019,All,Age_all,All,246.0,1.21253943,3.71746264,6.10996598
701,AS,Asia,SGP,Singapore,2018,All,Age_all,All,202.0,1.00522518,3.43120275,5.05722804
702,AS,Asia,SGP,Singapore,2017,All,Age_all,All,183.0,0.92597278,3.16224866,4.61445823
703,AS,Asia,SGP,Singapore,2016,All,Age_all,All,180.0,0.95460331,3.20601743,4.57600865
704,AS,Asia,SGP,Singapore,2015,All,Age_all,All,196.0,1.05150215,3.59045572,5.02217701
705,AS,Asia,SGP,Singapore,2022,All,Age_all,All,237.0,0.92628781,3.13153852,5.81846535
706,AS,Asia,SGP,Singapore,2021,All,Age_all,All,157.0,0.67468844,2.33802091,3.9379539
707,EU,Europe,SVK,Slovakia,2010,All,Age_all,All,397.0,0.74281972,5.05898533,7.30985538
708,EU,Europe,SVK,Slovakia,2012,All,Age_all,All,220.0,0.41955108,2.97746336,4.06836405
709,EU,Europe,SVK,Slovakia,2013,All,Age_all,All,357.0,0.68543123,4.28816696,6.59475551
710,EU,Europe,SVK,Slovakia,2014,All,Age_all,All,404.0,0.78683416,4.78266823,7.45573297
711,EU,Europe,SVK,Slovakia,2019,All,Age_all,All,856.0,1.60799489,8.49770077,15.69447982
712,EU,Europe,SVK,Slovakia,2018,All,Age_all,All,717.0,1.32061223,7.44998361,13.16376374
713,EU,Europe,SVK,Slovakia,2017,All,Age_all,All,709.0,1.31505731,7.59678758,13.03492966
714,EU,Europe,SVK,Slovakia,2016,All,Age_all,All,553.0,1.0563313,6.14108275,10.18266654
715,EU,Europe,SVK,Slovakia,2021,All,Age_all,All,1162.0,1.5817917,11.07647914,21.38107778
716,EU,Europe,SVK,Slovakia,2020,All,Age_all,All,622.0,1.05264939,6.07762435,11.39239834
717,EU,Europe,SVN,Slovenia,2010,All,Age_all,All,94.0,0.50513193,2.42304473,4.58701942
718,EU,Europe,SVN,Slovenia,2011,All,Age_all,All,84.0,0.44922188,2.08488715,4.09257801
719,EU,Europe,SVN,Slovenia,2012,All,Age_all,All,116.0,0.60237836,2.67734448,5.64130446
720,EU,Europe,SVN,Slovenia,2013,All,Age_all,All,116.0,0.59997931,2.57720343,5.63349091
721,EU,Europe,SVN,Slovenia,2014,All,Age_all,All,151.0,0.79953405,3.17229636,7.32432651
722,EU,Europe,SVN,Slovenia,2020,All,Age_all,All,150.0,0.62458361,2.7483935,7.1424286
723,EU,Europe,SVN,Slovenia,2019,All,Age_all,All,104.0,0.50514863,1.74404439,5.06041848
724,EU,Europe,SVN,Slovenia,2018,All,Age_all,All,140.0,0.6834269,2.45570038,6.77509398
725,EU,Europe,SVN,Slovenia,2017,All,Age_all,All,128.0,0.62411624,2.64818783,6.19506418
726,EU,Europe,SVN,Slovenia,2016,All,Age_all,All,147.0,0.74660978,2.78918526,7.12126152
727,EU,Europe,SVN,Slovenia,2015,All,Age_all,All,159.0,0.80165373,3.12839811,7.70693484
728,EU,Europe,ESP,Spain,2010,All,Age_all,All,6729.0,1.76130162,7.3646026,14.60513681
729,EU,Europe,ESP,Spain,2011,All,Age_all,All,6641.0,1.71199064,7.21521421,14.39778391
730,EU,Europe,ESP,Spain,2012,All,Age_all,All,6771.0,1.68035736,6.8756376,14.47834374
731,EU,Europe,ESP,Spain,2013,All,Age_all,All,6443.0,1.65027829,6.38525817,13.82818742
732,EU,Europe,ESP,Spain,2014,All,Age_all,All,6730.0,1.70022484,6.49283649,14.48709849
733,EU,Europe,ESP,Spain,2021,All,Age_all,All,6133.0,1.3606393,4.6401511,12.95759806
734,EU,Europe,ESP,Spain,2020,All,Age_all,All,6186.0,1.25279479,4.89024591,13.06284585
735,EU,Europe,ESP,Spain,2019,All,Age_all,All,6367.0,1.52064829,5.07193109,13.51650853
736,EU,Europe,ESP,Spain,2018,All,Age_all,All,6660.0,1.55708979,5.47846423,14.25244757
737,EU,Europe,ESP,Spain,2017,All,Age_all,All,7059.0,1.66280743,5.870547,15.16992182
738,EU,Europe,ESP,Spain,2016,All,Age_all,All,7262.0,1.76858389,6.24070978,15.63386799
739,EU,Europe,ESP,Spain,2015,All,Age_all,All,7783.0,1.84183374,6.9276582,16.77003954
740,EU,Europe,SWE,Sweden,2010,All,Age_all,All,1995.0,2.20395718,8.03046696,21.27290676
741,EU,Europe,SWE,Sweden,2011,All,Age_all,All,2070.0,2.30150877,7.86300654,21.9065863
742,EU,Europe,SWE,Sweden,2012,All,Age_all,All,2243.0,2.43830851,8.73644058,23.56247128
743,EU,Europe,SWE,Sweden,2013,All,Age_all,All,2308.0,2.55013535,8.68248313,24.04071881
744,EU,Europe,SWE,Sweden,2014,All,Age_all,All,2143.0,2.40618895,7.89476464,22.10164809
745,EU,Europe,SWE,Sweden,2018,All,Age_all,All,2312.0,2.50623306,7.84196371,22.72188195
746,EU,Europe,SWE,Sweden,2017,All,Age_all,All,2162.0,2.3480858,7.61621576,21.49597361
747,EU,Europe,SWE,Sweden,2016,All,Age_all,All,2074.0,2.27734405,7.29706131,20.90075818
748,EU,Europe,SWE,Sweden,2015,All,Age_all,All,2347.0,2.5790642,8.81517128,24.20558472
749,EU,Europe,SWE,Sweden,2022,All,Age_all,All,2643.0,2.78729844,8.14049274,25.20277362
750,EU,Europe,SWE,Sweden,2021,All,Age_all,All,2428.0,2.63686617,7.5530665,23.31071595
751,EU,Europe,SWE,Sweden,2020,All,Age_all,All,2312.0,2.34359161,7.43311712,22.33073793
752,EU,Europe,SWE,Sweden,2019,All,Age_all,All,2170.0,2.43066446,7.25076234,21.1112351
753,EU,Europe,CHE,Switzerland,2010,All,Age_all,All,749.0,1.19554981,4.50750402,9.57199508
754,EU,Europe,CHE,Switzerland,2011,All,Age_all,All,809.0,1.30296832,4.81605114,10.2244604
755,EU,Europe,CHE,Switzerland,2012,All,Age_all,All,776.0,1.2092313,4.3728604,9.70380753
756,EU,Europe,CHE,Switzerland,2013,All,Age_all,All,797.0,1.22688998,4.40577458,9.85246581
757,EU,Europe,CHE,Switzerland,2014,All,Age_all,All,787.0,1.23232545,4.21021488,9.59054117
758,EU,Europe,CHE,Switzerland,2020,All,Age_all,All,876.0,1.14968174,3.89845533,10.12175922
759,EU,Europe,CHE,Switzerland,2019,All,Age_all,All,854.0,1.25995869,3.70894154,9.95885849
760,EU,Europe,CHE,Switzerland,2018,All,Age_all,All,849.0,1.26550203,3.85002023,9.97142582
761,EU,Europe,CHE,Switzerland,2017,All,Age_all,All,842.0,1.25726061,3.94217004,9.96232655
762,EU,Europe,CHE,Switzerland,2016,All,Age_all,All,792.0,1.21913675,3.91437927,9.45859345
763,EU,Europe,CHE,Switzerland,2015,All,Age_all,All,875.0,1.29426382,4.49424283,10.56457448
764,EU,Europe,CHE,Switzerland,2021,All,Age_all,All,926.0,1.30070794,3.83322993,10.62475633
765,AS,Asia,THA,Thailand,2010,All,Age_all,All,42693.0,10.3792323,63.63301645,67.02018643
766,AS,Asia,THA,Thailand,2011,All,Age_all,All,42600.0,10.27322931,61.58539962,66.37478314
767,AS,Asia,THA,Thailand,2012,All,Age_all,All,44507.0,10.72093578,62.62285601,69.25395578
768,AS,Asia,THA,Thailand,2013,All,Age_all,All,43590.0,10.23083332,58.97164498,67.4545369
769,AS,Asia,THA,Thailand,2014,All,Age_all,All,42711.0,9.80455622,55.75046724,65.75443628
770,AS,Asia,THA,Thailand,2019,All,Age_all,All,35344.0,7.14974946,40.51812012,53.91334394
771,AS,Asia,THA,Thailand,2018,All,Age_all,All,38347.0,8.30348752,45.03515261,58.62889091
772,AS,Asia,THA,Thailand,2017,All,Age_all,All,38227.0,8.34632432,46.02520472,58.62605477
773,AS,Asia,THA,Thailand,2016,All,Age_all,All,38669.0,8.24349532,47.71126343,59.4784206
774,AS,Asia,THA,Thailand,2015,All,Age_all,All,44420.0,9.96044524,56.14081032,68.30966534
775,AS,Asia,TUR,T?rkiye,2010,All,Age_all,All,5201.0,1.76603815,7.85797958,7.11081093
776,AS,Asia,TUR,T?rkiye,2011,All,Age_all,All,5304.0,1.69864435,7.7418537,7.14597239
777,AS,Asia,TUR,T?rkiye,2012,All,Age_all,All,5889.0,1.83476806,8.35708463,7.83363519
778,AS,Asia,TUR,T?rkiye,2013,All,Age_all,All,6620.0,1.85157734,9.05078994,8.70427109
779,AS,Asia,TUR,T?rkiye,2014,All,Age_all,All,7119.0,1.8558249,9.36436553,9.22366705
780,AS,Asia,TUR,T?rkiye,2019,All,Age_all,All,12346.0,2.83203461,13.47890832,14.95045256
781,AS,Asia,TUR,T?rkiye,2018,All,Age_all,All,11093.0,2.60124892,12.62037014,13.62655816
782,AS,Asia,TUR,T?rkiye,2017,All,Age_all,All,10509.0,2.47959624,12.47783764,13.08510376
783,AS,Asia,TUR,T?rkiye,2016,All,Age_all,All,8915.0,2.12199255,10.93683339,11.24524367
784,AS,Asia,TUR,T?rkiye,2015,All,Age_all,All,8577.0,2.16061123,10.85013593,10.96543951
785,EU,Europe,GBR,United Kingdom of Great Britain and Northern Ireland,2010,All,Age_all,All,6296.0,1.12095089,5.11653528,10.11211226
786,EU,Europe,GBR,United Kingdom of Great Britain and Northern Ireland,2011,All,Age_all,All,6697.0,1.21271495,5.26235722,10.66045439
787,EU,Europe,GBR,United Kingdom of Great Britain and Northern Ireland,2012,All,Age_all,All,6251.0,1.09854769,4.80776134,9.81241199
788,EU,Europe,GBR,United Kingdom of Great Britain and Northern Ireland,2013,All,Age_all,All,6624.0,1.14908632,5.03606175,10.33294193
789,EU,Europe,GBR,United Kingdom of Great Britain and Northern Ireland,2014,All,Age_all,All,6436.0,1.12844772,4.83861514,9.96334924
790,EU,Europe,GBR,United Kingdom of Great Britain and Northern Ireland,2020,All,Age_all,All,5633.0,0.81779195,3.79777607,8.39761942
791,EU,Europe,GBR,United Kingdom of Great Britain and Northern Ireland,2019,All,Age_all,All,6409.0,1.06211438,4.38442646,9.59477
792,EU,Europe,GBR,United Kingdom of Great Britain and Northern Ireland,2018,All,Age_all,All,6801.0,1.10641136,4.82510925,10.53538059
793,EU,Europe,GBR,United Kingdom of Great Britain and Northern Ireland,2017,All,Age_all,All,6669.0,1.10040607,4.68765424,10.09839018
794,EU,Europe,GBR,United Kingdom of Great Britain and Northern Ireland,2016,All,Age_all,All,7044.0,1.17949645,5.06664733,10.72994487
795,EU,Europe,GBR,United Kingdom of Great Britain and Northern Ireland,2015,All,Age_all,All,7127.0,1.18235313,5.22369587,10.94608551
796,NAC,North America and the Caribbean,USA,United States of America,2010,All,Age_all,All,68631.0,2.77938418,14.31499517,22.20985483
797,NAC,North America and the Caribbean,USA,United States of America,2011,All,Age_all,All,69943.0,2.78052744,14.17566267,22.4475549
798,NAC,North America and the Caribbean,USA,United States of America,2012,All,Age_all,All,69520.0,2.7334791,13.80888062,22.13703349
799,NAC,North America and the Caribbean,USA,United States of America,2013,All,Age_all,All,71784.0,2.76411989,13.95549518,22.68769846
800,NAC,North America and the Caribbean,USA,United States of America,2014,All,Age_all,All,71494.0,2.72211049,13.71745088,22.43488083
801,NAC,North America and the Caribbean,USA,United States of America,2020,All,Age_all,All,69426.0,2.05176006,11.86899912,20.97445437
802,NAC,North America and the Caribbean,USA,United States of America,2019,All,Age_all,All,65931.0,2.30944803,11.45764029,20.03586423
803,NAC,North America and the Caribbean,USA,United States of America,2018,All,Age_all,All,69246.0,2.43892216,12.18091814,21.16991461
804,NAC,North America and the Caribbean,USA,United States of America,2017,All,Age_all,All,70648.0,2.5110334,12.64704612,21.73217867
805,NAC,North America and the Caribbean,USA,United States of America,2016,All,Age_all,All,71196.0,2.59437194,13.12732695,22.04101379
806,NAC,North America and the Caribbean,USA,United States of America,2015,All,Age_all,All,73257.0,2.70058946,13.69538031,22.83015016
807,NAC,North America and the Caribbean,USA,United States of America,2021,All,Age_all,All,69780.0,2.01429985,11.84060081,20.96030059
808,CSA,Central and South America,URY,Uruguay,2010,All,Age_all,All,782.0,2.40083507,16.75756435,23.27883249
809,CSA,Central and South America,URY,Uruguay,2012,All,Age_all,All,797.0,2.3895185,16.92397935,23.58703453
810,CSA,Central and South America,URY,Uruguay,2013,All,Age_all,All,715.0,2.18667808,14.90057028,21.09491147
811,CSA,Central and South America,URY,Uruguay,2014,All,Age_all,All,695.0,2.16362618,14.33961216,20.43855553
812,CSA,Central and South America,URY,Uruguay,2020,All,Age_all,All,796.0,2.43894966,14.69072245,22.91484946
813,CSA,Central and South America,URY,Uruguay,2019,All,Age_all,All,816.0,2.34435602,15.8024019,23.57200178
814,CSA,Central and South America,URY,Uruguay,2018,All,Age_all,All,880.0,2.57852789,17.03880244,25.51253376
815,CSA,Central and South America,URY,Uruguay,2017,All,Age_all,All,805.0,2.42667229,15.52586346,23.42403527
816,CSA,Central and South America,URY,Uruguay,2016,All,Age_all,All,614.0,1.79149768,12.76171476,17.93156742
817,CSA,Central and South America,URY,Uruguay,2015,All,Age_all,All,661.0,2.00503534,13.78460944,19.37275078
818,AS,Asia,UZB,Uzbekistan,2010,All,Age_all,All,3610.0,2.60823074,14.76035794,12.63899171
819,AS,Asia,UZB,Uzbekistan,2011,All,Age_all,All,3467.0,2.42019364,13.72190566,11.81688753
820,AS,Asia,UZB,Uzbekistan,2012,All,Age_all,All,3337.0,2.28580431,12.92994406,11.20759653
821,AS,Asia,UZB,Uzbekistan,2013,All,Age_all,All,3284.0,2.2543797,12.36104536,10.85864935
822,AS,Asia,UZB,Uzbekistan,2014,All,Age_all,All,3310.0,2.21018823,12.18633159,10.76154373
823,AS,Asia,UZB,Uzbekistan,2019,All,Age_all,All,2403.0,1.5546455,7.88809257,7.15596216
824,AS,Asia,UZB,Uzbekistan,2018,All,Age_all,All,2568.0,1.65770465,8.72414397,7.79218438
825,AS,Asia,UZB,Uzbekistan,2017,All,Age_all,All,2974.0,1.85038856,10.20853518,9.18225419
826,AS,Asia,UZB,Uzbekistan,2016,All,Age_all,All,3127.0,2.02014329,10.88234122,9.81854438
827,AS,Asia,UZB,Uzbekistan,2015,All,Age_all,All,3383.0,2.22514553,12.18861319,10.80867655
828,AS,Asia,MYS,Malaysia,2020,All,Age_all,All,7746.0,7.09633091,25.8610171,23.93252252
829,AS,Asia,MYS,Malaysia,2019,All,Age_all,All,7876.0,7.21483273,27.18490681,24.65118927
830,AS,Asia,MYS,Malaysia,2018,All,Age_all,All,7974.0,6.79291574,28.62212089,25.29177764
831,AS,Asia,MYS,Malaysia,2017,All,Age_all,All,7362.0,7.55541872,27.01831744,23.66848991
832,AS,Asia,MYS,Malaysia,2016,All,Age_all,All,7119.0,8.31299555,26.96119396,23.20052232
833,AS,Asia,MYS,Malaysia,2015,All,Age_all,All,6766.0,8.38507392,26.37225634,22.35145352
834,AS,Asia,MYS,Malaysia,2014,All,Age_all,All,7729.0,9.99030569,30.99497188,25.16890504
835,AS,Asia,MYS,Malaysia,2013,All,Age_all,All,7287.0,9.82777456,29.95522048,24.11822677
836,AS,Asia,MYS,Malaysia,2012,All,Age_all,All,7384.0,10.27725198,31.38733401,25.02200778
837,AS,Asia,MYS,Malaysia,2011,All,Age_all,All,7220.0,10.19255746,31.68534926,24.84340739
838,AS,Asia,MYS,Malaysia,2010,All,Age_all,All,7414.0,10.82051432,33.20267542,25.93338046
839,AS,Asia,QAT,Qatar,2021,All,Age_all,All,95.0,3.46588836,16.08800754,3.24173664
840,AS,Asia,QAT,Qatar,2020,All,Age_all,All,64.0,2.34089247,11.42468687,2.22141002
841,AS,Asia,QAT,Qatar,2019,All,Age_all,All,56.0,2.68327743,10.04091255,1.97735435
842,AS,Asia,QAT,Qatar,2017,All,Age_all,All,43.0,1.96796339,6.75599953,1.57813918
843,AS,Asia,QAT,Qatar,2016,All,Age_all,All,34.0,1.54055279,5.07965264,1.28090465
844,AS,Asia,QAT,Qatar,2015,All,Age_all,All,47.0,2.15102975,7.73794002,1.83185161
845,AS,Asia,QAT,Qatar,2014,All,Age_all,All,47.0,1.98647506,7.08626885,1.91119219
846,AS,Asia,QAT,Qatar,2013,All,Age_all,All,34.0,1.59399906,4.5706412,1.4551219
847,AS,Asia,QAT,Qatar,2012,All,Age_all,All,26.0,1.28015756,5.14369516,1.1839315
848,AS,Asia,QAT,Qatar,2011,All,Age_all,All,27.0,1.38532581,5.88812922,1.32621369
849,AS,Asia,QAT,Qatar,2010,All,Age_all,All,32.0,1.62436548,12.4629665,1.72383422
