country,code,region,income,year,che_gdp(%),hk_gdp(%),che_pc_usd,che,gdp_pc_usd,che_usd
Algeria,DZA,AFR,Lower-middle,2015,7.0,0.0,292,"1,163,740","4,197","11,557"
Benin,BEN,AFR,Lower-middle,2010,3.0,0.4,30,"142,008","1,009",287
Benin,BEN,AFR,Lower-middle,2011,3.0,0.1,33,"151,029","1,099",320
Benin,BEN,AFR,Lower-middle,2012,3.1,0.3,34,"174,951","1,113",343
Benin,BEN,AFR,Lower-middle,2013,2.9,0.2,35,"177,366","1,214",359
Benin,BEN,AFR,Lower-middle,2014,2.7,0.5,34,"176,520","1,252",358
Benin,BEN,AFR,Lower-middle,2015,2.7,0.2,28,"183,680","1,042",311
Botswana,BWA,AFR,Upper-middle,2013,6.5,0.2,418,"7,790","6,437",928
Botswana,BWA,AFR,Upper-middle,2014,5.9,0.0,402,"8,166","6,844",910
Botswana,BWA,AFR,Upper-middle,2015,6.1,0.0,358,"8,364","5,870",826
Botswana,BWA,AFR,Upper-middle,2016,5.8,0.2,370,"9,484","6,412",870
Botswana,BWA,AFR,Upper-middle,2017,6.6,0.1,445,"11,048","6,705","1,068"
Botswana,BWA,AFR,Upper-middle,2018,6.0,0.3,420,"10,493","6,948","1,029"
Botswana,BWA,AFR,Upper-middle,2019,6.1,0.3,409,"10,994","6,679","1,022"
Burkina Faso,BFA,AFR,Low,2011,4.6,0.4,34,"264,641",728,562
Burkina Faso,BFA,AFR,Low,2012,4.6,0.5,34,"295,174",734,578
Burkina Faso,BFA,AFR,Low,2013,5.6,0.4,42,"369,412",762,748
Burkina Faso,BFA,AFR,Low,2014,5.0,0.4,38,"344,242",767,697
Burkina Faso,BFA,AFR,Low,2015,5.1,0.2,32,"358,994",632,607
Burkina Faso,BFA,AFR,Low,2016,6.0,0.2,40,"452,856",665,764
Burkina Faso,BFA,AFR,Low,2017,6.0,0.4,43,"496,091",715,854
Burkina Faso,BFA,AFR,Low,2018,5.0,0.4,39,"441,788",779,795
Burkina Faso,BFA,AFR,Low,2019,5.3,0.2,41,"504,176",772,860
Burkina Faso,BFA,AFR,Low,2020,6.5,0.3,54,"671,151",833,"1,166"
Burkina Faso,BFA,AFR,Low,2021,6.4,0.3,57,"697,963",893,"1,259"
Burundi,BDI,AFR,Low,2010,11.3,0.4,25,"282,167",223,229
Burundi,BDI,AFR,Low,2011,10.1,0.5,24,"283,926",236,225
Burundi,BDI,AFR,Low,2012,8.6,0.5,21,"290,724",238,202
Burundi,BDI,AFR,Low,2013,8.6,0.8,21,"328,956",242,212
Burundi,BDI,AFR,Low,2014,7.2,0.1,19,"301,773",258,195
Burundi,BDI,AFR,Low,2015,6.3,0.1,18,"306,950",289,195
Burundi,BDI,AFR,Low,2016,7.1,0.4,19,"345,808",271,209
Burundi,BDI,AFR,Low,2018,7.3,0.2,19,"394,930",264,222
Burundi,BDI,AFR,Low,2020,10.7,0.8,27,"633,517",253,331
Cabo Verde,CPV,AFR,Lower-middle,2010,4.5,0.4,143,"6,202","3,192",74
Cabo Verde,CPV,AFR,Lower-middle,2011,4.3,0.3,152,"6,369","3,537",80
Cabo Verde,CPV,AFR,Lower-middle,2012,5.1,0.3,167,"7,719","3,263",89
Cabo Verde,CPV,AFR,Lower-middle,2013,5.3,0.1,181,"8,132","3,427",98
Cabo Verde,CPV,AFR,Lower-middle,2014,5.3,0.2,181,"8,227","3,406",99
Cabo Verde,CPV,AFR,Lower-middle,2015,4.8,0.8,139,"7,655","2,892",77
Cabo Verde,CPV,AFR,Lower-middle,2016,4.8,0.4,144,"8,034","2,978",81
Cameroon,CMR,AFR,Lower-middle,2011,3.9,0.2,58,"556,147","1,498","1,180"
Cameroon,CMR,AFR,Lower-middle,2012,3.9,0.3,56,"605,215","1,434","1,185"
Cameroon,CMR,AFR,Lower-middle,2018,3.6,0.1,58,"803,694","1,594","1,447"
Cameroon,CMR,AFR,Lower-middle,2019,3.7,0.1,56,"848,761","1,539","1,449"
Central African Republic,CAF,AFR,Low,2015,5.0,0.0,18,"50,474",352,85
Central African Republic,CAF,AFR,Low,2016,5.4,0.0,20,"58,878",372,99
Central African Republic,CAF,AFR,Low,2017,6.7,0.0,28,"80,207",415,138
Central African Republic,CAF,AFR,Low,2018,11.0,0.2,49,"139,161",447,251
Chad,TCD,AFR,Low,2011,3.9,0.8,39,"224,555",989,477
Chad,TCD,AFR,Low,2018,4.6,0.0,32,"280,031",707,504
Comoros,COM,AFR,Lower-middle,2010,5.0,0.2,69,"16,820","1,384",45
Comoros,COM,AFR,Lower-middle,2011,5.3,0.0,81,"19,172","1,527",54
Comoros,COM,AFR,Lower-middle,2012,5.2,0.9,77,"20,124","1,484",53
Comoros,COM,AFR,Lower-middle,2013,5.1,0.5,81,"21,100","1,596",57
Comoros,COM,AFR,Lower-middle,2015,4.6,0.0,61,"19,708","1,323",44
Comoros,COM,AFR,Lower-middle,2019,5.2,1.4,78,"27,044","1,502",62
Congo,COG,AFR,Lower-middle,2010,1.9,0.2,55,"120,469","2,963",243
Congo,COG,AFR,Lower-middle,2012,1.9,0.2,72,"172,509","3,754",338
Congo,COG,AFR,Lower-middle,2013,1.9,0.1,72,"172,382","3,720",349
Congo,COG,AFR,Lower-middle,2014,2.0,2.8,71,"174,515","3,623",353
Congo,COG,AFR,Lower-middle,2015,2.5,0.3,58,"172,697","2,348",292
Congo,COG,AFR,Lower-middle,2016,2.8,0.2,55,"168,053","1,970",284
Congo,COG,AFR,Lower-middle,2017,2.5,0.2,53,"162,501","2,089",280
Congo,COG,AFR,Lower-middle,2018,1.9,0.1,48,"144,087","2,512",259
Congo,COG,AFR,Lower-middle,2019,2.5,0.0,59,"192,256","2,317",328
Congo,COG,AFR,Lower-middle,2020,4.4,0.2,81,"265,220","1,839",461
Côte d'Ivoire,CIV,AFR,Lower-middle,2011,4.4,0.2,72,"736,198","1,648","1,562"
Côte d'Ivoire,CIV,AFR,Lower-middle,2012,4.4,0.3,74,"837,036","1,682","1,639"
Côte d'Ivoire,CIV,AFR,Lower-middle,2013,3.7,0.4,72,"793,752","1,924","1,607"
Côte d'Ivoire,CIV,AFR,Lower-middle,2014,3.7,0.3,79,"900,521","2,126","1,824"
Côte d'Ivoire,CIV,AFR,Lower-middle,2015,3.2,0.4,63,"872,149","1,942","1,475"
Côte d'Ivoire,CIV,AFR,Lower-middle,2016,3.3,0.4,66,"952,689","1,999","1,608"
Côte d'Ivoire,CIV,AFR,Lower-middle,2017,3.2,0.3,69,"990,043","2,113","1,705"
Côte d'Ivoire,CIV,AFR,Lower-middle,2018,3.1,0.4,71,"1,004,984","2,296","1,809"
Côte d'Ivoire,CIV,AFR,Lower-middle,2019,3.2,0.3,74,"1,128,298","2,291","1,926"
Côte d'Ivoire,CIV,AFR,Lower-middle,2020,3.6,0.8,85,"1,314,451","2,349","2,284"
Democratic Republic of the Congo,COD,AFR,Low,2010,3.7,0.3,13,"754,185",337,833
Democratic Republic of the Congo,COD,AFR,Low,2011,3.2,0.1,12,"775,192",384,843
Democratic Republic of the Congo,COD,AFR,Low,2012,3.2,0.2,14,"889,768",423,967
Democratic Republic of the Congo,COD,AFR,Low,2013,3.3,0.3,16,"1,071,815",475,"1,166"
Democratic Republic of the Congo,COD,AFR,Low,2014,3.7,0.1,19,"1,321,896",504,"1,429"
Democratic Republic of the Congo,COD,AFR,Low,2015,3.7,0.2,19,"1,393,640",511,"1,505"
Democratic Republic of the Congo,COD,AFR,Low,2016,4.2,0.2,20,"1,638,021",474,"1,621"
Democratic Republic of the Congo,COD,AFR,Low,2017,4.0,0.1,19,"2,314,158",469,"1,580"
Democratic Republic of the Congo,COD,AFR,Low,2018,3.2,0.1,18,"2,526,258",552,"1,557"
Democratic Republic of the Congo,COD,AFR,Low,2019,3.5,0.1,20,"2,941,821",566,"1,785"
Democratic Republic of the Congo,COD,AFR,Low,2020,4.1,0.1,21,"3,653,167",525,"1,973"
Democratic Republic of the Congo,COD,AFR,Low,2021,3.8,0.3,22,"4,258,244",590,"2,140"
Equatorial Guinea,GNQ,AFR,Upper-middle,2010,1.6,0.3,242,"130,880","14,906",265
Equatorial Guinea,GNQ,AFR,Upper-middle,2011,1.4,0.3,267,"143,847","18,659",305
Equatorial Guinea,GNQ,AFR,Upper-middle,2012,1.5,0.2,284,"173,126","18,756",339
Equatorial Guinea,GNQ,AFR,Upper-middle,2013,1.6,0.4,290,"177,974","17,645",360
Equatorial Guinea,GNQ,AFR,Upper-middle,2014,1.8,0.5,295,"188,501","16,805",382
Equatorial Guinea,GNQ,AFR,Upper-middle,2015,2.3,0.4,229,"182,458","9,789",309
Equatorial Guinea,GNQ,AFR,Upper-middle,2016,2.9,0.3,230,"190,476","8,035",321
Equatorial Guinea,GNQ,AFR,Upper-middle,2017,2.7,0.2,231,"194,623","8,410",335
Equatorial Guinea,GNQ,AFR,Upper-middle,2018,2.9,0.1,249,"207,492","8,719",374
Equatorial Guinea,GNQ,AFR,Upper-middle,2019,3.2,0.1,232,"210,960","7,317",360
Equatorial Guinea,GNQ,AFR,Upper-middle,2020,3.9,0.1,247,"226,696","6,328",394
Equatorial Guinea,GNQ,AFR,Upper-middle,2021,3.4,0.1,256,"231,634","7,507",418
Eswatini,SWZ,AFR,Lower-middle,2017,7.0,0.6,267,"4,097","3,826",308
Eswatini,SWZ,AFR,Lower-middle,2021,7.0,0.5,280,"4,934","3,978",334
Ethiopia,ETH,AFR,Low,2014,4.0,0.5,22,"42,790",543,"2,185"
Ethiopia,ETH,AFR,Low,2017,3.5,0.3,25,"63,293",710,"2,652"
Ethiopia,ETH,AFR,Low,2020,3.5,0.3,29,"117,460",824,"3,363"
Gabon,GAB,AFR,Upper-middle,2010,2.5,1.0,208,"176,050","8,400",356
Gabon,GAB,AFR,Upper-middle,2011,2.6,0.5,263,"219,492","10,274",466
Gabon,GAB,AFR,Upper-middle,2012,2.4,0.8,226,"212,235","9,349",416
Gabon,GAB,AFR,Upper-middle,2013,2.8,1.1,263,"246,886","9,250",500
Gabon,GAB,AFR,Upper-middle,2014,2.5,0.7,234,"227,658","9,255",461
Gabon,GAB,AFR,Upper-middle,2015,2.7,0.6,188,"225,974","7,090",382
Gabon,GAB,AFR,Upper-middle,2016,3.1,0.2,209,"258,269","6,722",436
Gabon,GAB,AFR,Upper-middle,2017,2.8,0.1,194,"241,060","6,976",415
Gabon,GAB,AFR,Upper-middle,2018,2.7,0.4,211,"257,177","7,695",463
Gabon,GAB,AFR,Upper-middle,2019,2.8,0.2,208,"273,706","7,524",467
Gambia,GMB,AFR,Low,2013,3.9,0.4,25,"1,936",647,54
Gambia,GMB,AFR,Low,2015,3.2,0.1,19,"1,861",612,44
Gambia,GMB,AFR,Low,2016,3.2,0.1,20,"2,057",641,47
Gambia,GMB,AFR,Low,2017,3.4,0.2,21,"2,353",632,50
Gambia,GMB,AFR,Low,2018,3.3,0.3,23,"2,690",683,56
Gambia,GMB,AFR,Low,2019,3.2,0.2,23,"2,868",723,57
Ghana,GHA,AFR,Lower-middle,2012,4.0,0.1,83,"4,092","2,083","2,242"
Ghana,GHA,AFR,Lower-middle,2013,4.6,0.7,105,"5,716","2,282","2,885"
Ghana,GHA,AFR,Lower-middle,2014,4.0,0.2,78,"6,373","1,943","2,200"
Ghana,GHA,AFR,Lower-middle,2015,4.5,0.0,78,"8,338","1,711","2,245"
Ghana,GHA,AFR,Lower-middle,2016,3.4,0.2,64,"7,445","1,900","1,904"
Ghana,GHA,AFR,Lower-middle,2017,3.7,0.0,75,"9,805","1,999","2,254"
Guinea,GIN,AFR,Low,2011,3.8,0.1,24,"1,711,968",645,257
Guinea,GIN,AFR,Low,2012,3.5,0.0,24,"1,808,232",685,259
Guinea,GIN,AFR,Low,2013,3.5,0.0,26,"2,002,745",758,290
Guinea,GIN,AFR,Low,2014,4.8,0.3,37,"2,948,123",775,420
Guinea,GIN,AFR,Low,2015,5.8,0.5,44,"3,824,142",756,511
Guinea,GIN,AFR,Low,2016,5.4,0.4,39,"4,160,395",721,464
Guinea,GIN,AFR,Low,2017,3.9,0.3,33,"3,673,718",843,404
Guinea,GIN,AFR,Low,2018,3.7,0.2,35,"3,994,337",944,443
Guinea,GIN,AFR,Low,2019,4.1,0.2,43,"5,047,887","1,044",550
Guinea,GIN,AFR,Low,2020,3.9,0.1,42,"5,256,897","1,074",550
Guinea,GIN,AFR,Low,2021,3.8,0.2,45,"5,923,453","1,190",605
Guinea-Bissau,GNB,AFR,Low,2011,6.2,0.6,45,"33,896",719,72
Guinea-Bissau,GNB,AFR,Low,2015,8.1,0.1,52,"55,405",644,94
Guinea-Bissau,GNB,AFR,Low,2016,8.3,0.1,57,"61,453",679,104
Guinea-Bissau,GNB,AFR,Low,2017,7.0,0.2,55,"59,753",782,103
Guinea-Bissau,GNB,AFR,Low,2018,7.3,0.0,59,"62,855",807,113
Guinea-Bissau,GNB,AFR,Low,2020,9.0,0.1,68,"78,952",754,137
Guinea-Bissau,GNB,AFR,Low,2021,8.2,0.5,69,"78,641",837,142
Kenya,KEN,AFR,Lower-middle,2010,5.4,0.2,59,"193,858","1,094","2,447"
Kenya,KEN,AFR,Lower-middle,2013,4.9,0.4,68,"261,902","1,377","3,041"
Kenya,KEN,AFR,Lower-middle,2016,4.8,0.3,74,"361,044","1,562","3,557"
Kenya,KEN,AFR,Lower-middle,2017,4.0,0.6,67,"338,146","1,676","3,270"
Kenya,KEN,AFR,Lower-middle,2018,4.1,0.5,76,"382,862","1,846","3,779"
Kenya,KEN,AFR,Lower-middle,2019,4.4,0.5,86,"447,260","1,970","4,385"
Lesotho,LSO,AFR,Lower-middle,2010,7.6,3.2,87,"1,295","1,145",177
Lesotho,LSO,AFR,Lower-middle,2011,9.1,3.3,117,"1,736","1,293",239
Lesotho,LSO,AFR,Lower-middle,2012,10.0,2.3,125,"2,106","1,243",257
Lesotho,LSO,AFR,Lower-middle,2013,11.0,1.7,130,"2,612","1,186",271
Lesotho,LSO,AFR,Lower-middle,2014,10.0,0.5,120,"2,739","1,205",252
Lesotho,LSO,AFR,Lower-middle,2015,9.3,0.8,104,"2,822","1,123",221
Liberia,LBR,AFR,Low,2012,8.2,0.1,50,"16,036",618,218
Liberia,LBR,AFR,Low,2016,9.9,0.2,68,"30,440",692,322
Liberia,LBR,AFR,Low,2017,10.5,0.0,73,"39,199",692,348
Liberia,LBR,AFR,Low,2019,8.4,0.3,52,"48,354",618,259
Liberia,LBR,AFR,Low,2020,17.0,0.3,101,"98,695",597,515
Madagascar,MDG,AFR,Low,2012,3.9,0.1,20,"994,014",504,453
Madagascar,MDG,AFR,Low,2013,3.8,0.0,20,"1,028,593",527,466
Madagascar,MDG,AFR,Low,2019,3.1,0.2,16,"1,582,752",512,437
Madagascar,MDG,AFR,Low,2020,3.7,0.7,17,"1,840,569",462,486
Madagascar,MDG,AFR,Low,2021,3.5,0.4,18,"1,953,575",503,510
Malawi,MWI,AFR,Low,2010,5.1,0.0,34,"75,842",666,504
Malawi,MWI,AFR,Low,2011,5.3,0.0,40,"93,878",744,600
Malawi,MWI,AFR,Low,2012,6.0,0.0,33,"127,331",545,511
Malawi,MWI,AFR,Low,2013,8.2,0.2,40,"232,870",485,639
Malawi,MWI,AFR,Low,2014,6.9,0.1,36,"249,570",517,587
Malawi,MWI,AFR,Low,2015,6.6,0.2,35,"298,533",532,598
Malawi,MWI,AFR,Low,2016,7.7,0.2,34,"429,010",444,598
Malawi,MWI,AFR,Low,2017,7.6,0.4,38,"495,353",500,678
Malawi,MWI,AFR,Low,2018,6.9,0.4,37,"497,374",538,679
Mali,MLI,AFR,Low,2013,4.0,0.2,31,"259,497",779,525
Mali,MLI,AFR,Low,2014,4.5,0.3,37,"317,879",818,644
Mali,MLI,AFR,Low,2015,4.1,0.2,30,"318,543",724,539
Mali,MLI,AFR,Low,2016,3.8,0.3,28,"313,673",750,529
Mali,MLI,AFR,Low,2017,3.7,0.2,29,"327,819",796,565
Mali,MLI,AFR,Low,2018,3.7,0.0,32,"353,914",856,637
Mali,MLI,AFR,Low,2019,3.8,0.2,32,"387,719",840,662
Mali,MLI,AFR,Low,2020,3.5,0.1,29,"352,475",830,612
Mauritania,MRT,AFR,Lower-middle,2010,2.6,0.3,43,"4,094","1,646",148
Mauritania,MRT,AFR,Lower-middle,2011,2.5,0.1,47,"4,704","1,919",167
Mauritania,MRT,AFR,Lower-middle,2012,2.6,0.1,49,"5,287","1,850",178
Mauritania,MRT,AFR,Lower-middle,2013,2.9,0.1,55,"6,229","1,930",207
Mauritania,MRT,AFR,Lower-middle,2014,3.5,0.6,59,"6,920","1,712",228
Mauritania,MRT,AFR,Lower-middle,2015,3.7,0.5,57,"7,355","1,563",227
Mauritania,MRT,AFR,Lower-middle,2016,3.1,2.4,49,"6,981","1,579",198
Mauritania,MRT,AFR,Lower-middle,2017,3.3,0.3,54,"8,070","1,635",225
Mauritius,MUS,AFR,Upper-middle,2010,4.5,0.5,357,"14,104","7,900",458
Mauritius,MUS,AFR,Upper-middle,2011,4.3,0.6,386,"14,244","9,076",496
Mauritius,MUS,AFR,Upper-middle,2012,4.2,0.4,387,"14,996","9,176",499
Mauritius,MUS,AFR,Upper-middle,2013,4.6,0.3,440,"17,439","9,524",568
Mauritius,MUS,AFR,Upper-middle,2014,5.4,0.2,544,"21,540","10,118",703
Mauritius,MUS,AFR,Upper-middle,2016,5.5,0.1,540,"24,811","9,733",698
Mozambique,MOZ,AFR,Low,2015,6.7,0.5,40,"42,836",594,"1,071"
Mozambique,MOZ,AFR,Low,2019,8.0,0.6,40,"76,555",508,"1,224"
Mozambique,MOZ,AFR,Low,2020,7.6,0.8,34,"74,440",454,"1,072"
Mozambique,MOZ,AFR,Low,2021,9.1,0.6,45,"93,493",492,"1,428"
Namibia,NAM,AFR,Upper-middle,2012,9.3,0.4,558,"9,903","6,017","1,209"
Namibia,NAM,AFR,Upper-middle,2014,8.4,0.5,466,"11,338","5,544","1,046"
Namibia,NAM,AFR,Upper-middle,2015,10.0,0.4,496,"14,574","4,966","1,131"
Namibia,NAM,AFR,Upper-middle,2016,9.3,0.4,430,"14,702","4,615","1,000"
Namibia,NAM,AFR,Upper-middle,2017,8.7,0.3,476,"14,971","5,450","1,125"
Niger,NER,AFR,Low,2011,4.9,0.1,25,"201,072",507,427
Niger,NER,AFR,Low,2012,4.3,0.0,23,"206,857",524,405
Niger,NER,AFR,Low,2013,4.5,0.1,24,"225,138",547,456
Niger,NER,AFR,Low,2014,4.5,0.7,25,"238,101",559,482
Niger,NER,AFR,Low,2015,5.3,0.4,26,"306,135",481,518
Niger,NER,AFR,Low,2016,4.5,0.3,22,"278,081",495,469
Niger,NER,AFR,Low,2017,5.6,0.2,29,"362,151",515,624
Niger,NER,AFR,Low,2018,5.3,0.3,30,"377,291",567,679
Niger,NER,AFR,Low,2019,5.7,0.5,31,"428,829",551,732
Niger,NER,AFR,Low,2020,6.2,0.3,35,"488,115",565,848
Niger,NER,AFR,Low,2021,5.8,0.3,34,"480,906",591,867
Nigeria,NGA,AFR,Lower-middle,2010,3.3,0.2,76,"1,828,565","2,293","12,166"
Nigeria,NGA,AFR,Lower-middle,2011,3.3,0.3,83,"2,115,780","2,503","13,751"
Nigeria,NGA,AFR,Lower-middle,2012,3.4,0.2,91,"2,439,233","2,710","15,487"
Nigeria,NGA,AFR,Lower-middle,2013,3.4,0.2,101,"2,771,103","2,947","17,615"
Nigeria,NGA,AFR,Lower-middle,2014,3.3,0.1,106,"3,018,151","3,169","19,036"
Nigeria,NGA,AFR,Lower-middle,2015,3.6,0.0,96,"3,409,219","2,688","17,716"
Nigeria,NGA,AFR,Lower-middle,2016,3.6,0.2,78,"3,741,681","2,145","14,761"
Nigeria,NGA,AFR,Lower-middle,2017,3.7,0.1,73,"4,305,993","1,942","14,082"
Nigeria,NGA,AFR,Lower-middle,2018,3.1,0.3,66,"3,989,681","2,126","13,035"
Nigeria,NGA,AFR,Lower-middle,2019,3.0,0.1,70,"4,348,014","2,334","14,167"
Nigeria,NGA,AFR,Lower-middle,2020,3.4,0.2,70.0,"5,214,707","2,064","14,533"
Nigeria,NGA,AFR,Lower-middle,2021,4.1,0.2,84.0,"7,177,291","2,057","17,892"
Sao Tome and Principe,STP,AFR,Lower-middle,2012,6.5,0.2,86.0,312,"1,330",16
Sao Tome and Principe,STP,AFR,Lower-middle,2013,7.9,0.5,124.0,444,"1,563",24
Sao Tome and Principe,STP,AFR,Lower-middle,2014,6.7,0.6,119.0,434,"1,767",23
Sao Tome and Principe,STP,AFR,Lower-middle,2015,5.3,0.2,85.0,375,"1,583",17
Sao Tome and Principe,STP,AFR,Lower-middle,2016,6.4,0.4,109.0,495,"1,698",22
Sao Tome and Principe,STP,AFR,Lower-middle,2017,6.5,0.6,116.0,527,"1,803",24
Sao Tome and Principe,STP,AFR,Lower-middle,2018,5.5,0.1,108.0,475,"1,965",23
Sao Tome and Principe,STP,AFR,Lower-middle,2019,5.3,0.0,106.0,499,"2,007",23
Sao Tome and Principe,STP,AFR,Lower-middle,2020,7.3,0.2,159.0,747,"2,177",35
Sao Tome and Principe,STP,AFR,Lower-middle,2021,7.8,0.2,186.0,860,"2,378",42
Senegal,SEN,AFR,Lower-middle,2013,4.4,0.2,61.0,"409,800","1,392",830
Senegal,SEN,AFR,Lower-middle,2014,4.4,0.4,62.0,"429,087","1,417",869
Senegal,SEN,AFR,Lower-middle,2015,4.4,0.3,54.0,"460,058","1,238",778
Senegal,SEN,AFR,Lower-middle,2016,4.3,0.3,55.0,"480,229","1,291",810
Senegal,SEN,AFR,Lower-middle,2017,4.2,0.3,58.0,"507,617","1,385",874
Senegal,SEN,AFR,Lower-middle,2018,4.4,0.2,66.0,"569,050","1,484","1,024"
Senegal,SEN,AFR,Lower-middle,2019,4.5,0.6,66.0,"616,433","1,463","1,052"
Senegal,SEN,AFR,Lower-middle,2020,5.2,0.8,77.0,"726,370","1,491","1,262"
Seychelles,SYC,AFR,High,2013,4.2,0.3,583.0,680,"13,733",56
Seychelles,SYC,AFR,High,2014,4.6,0.4,650.0,812,"14,159",64
Seychelles,SYC,AFR,High,2015,4.4,0.1,624.0,824,"14,268",62
Seychelles,SYC,AFR,High,2016,5.0,0.2,736.0,985,"14,826",74
Seychelles,SYC,AFR,High,2017,4.8,2.6,737.0,"1,024","15,455",75
Sierra Leone,SLE,AFR,Low,2013,11.6,0.1,82.0,"2,470,722",706,570
Sierra Leone,SLE,AFR,Low,2014,19.7,0.2,138.0,"4,467,564",702,987
Sierra Leone,SLE,AFR,Low,2017,9.4,0.2,46.0,"2,581,685",484,350
Sierra Leone,SLE,AFR,Low,2018,8.3,0.7,43.0,"2,686,055",520,339
Sierra Leone,SLE,AFR,Low,2019,9.1,0.2,46.0,"3,353,502",507,372
Sierra Leone,SLE,AFR,Low,2020,9.3,1.2,46.0,"3,724,579",493,379
Sierra Leone,SLE,AFR,Low,2021,8.6,0.4,43.0,"3,794,226",505,363
South Africa,ZAF,AFR,Upper-middle,2010,7.8,0.2,628.0,"238,142","8,060","32,528"
South Africa,ZAF,AFR,Upper-middle,2011,7.9,0.2,694.0,"264,312","8,737","36,401"
South Africa,ZAF,AFR,Upper-middle,2012,8.0,0.2,654.0,"285,464","8,174","34,770"
South Africa,ZAF,AFR,Upper-middle,2013,8.1,0.2,603.0,"313,484","7,437","32,468"
South Africa,ZAF,AFR,Upper-middle,2014,7.9,0.2,548.0,"325,392","6,960","29,983"
South Africa,ZAF,AFR,Upper-middle,2015,8.1,0.2,499.0,"356,008","6,201","27,903"
South Africa,ZAF,AFR,Upper-middle,2016,8.1,0.2,463.0,"384,553","5,735","26,143"
South Sudan,SSD,AFR,Low,2017,16.0,0.9,27.0,"32,712",169,288
Togo,TGO,AFR,Low,2010,4.5,0.0,31.0,"101,980",704,206
Togo,TGO,AFR,Low,2013,4.9,0.1,41.0,"142,363",820,288
Togo,TGO,AFR,Low,2014,5.1,0.1,43.0,"154,830",847,314
Togo,TGO,AFR,Low,2015,5.0,0.1,37.0,"165,296",755,280
Togo,TGO,AFR,Low,2016,6.6,0.1,52.0,"235,823",787,398
Togo,TGO,AFR,Low,2017,6.5,0.4,53.0,"241,157",814,415
Togo,TGO,AFR,Low,2018,6.1,0.5,54.0,"240,541",884,433
Togo,TGO,AFR,Low,2019,5.7,0.4,50.0,"242,247",876,413
Togo,TGO,AFR,Low,2020,6.0,1.1,54.0,"263,242",897,457
Togo,TGO,AFR,Low,2021,5.6,1.0,54.0,"259,570",975,468
Uganda,UGA,AFR,Low,2011,6.7,0.1,55.0,"4,645,555",826,"1,841"
Uganda,UGA,AFR,Low,2012,6.1,0.4,55.0,"4,733,385",903,"1,890"
Uganda,UGA,AFR,Low,2013,5.8,0.1,53.0,"4,836,330",917,"1,870"
Uganda,UGA,AFR,Low,2014,5.3,0.1,51.0,"4,821,662",956,"1,855"
Uganda,UGA,AFR,Low,2015,5.1,0.1,40.0,"4,877,017",791,"1,505"
Uganda,UGA,AFR,Low,2016,5.0,0.1,39.0,"5,185,961",789,"1,516"
Uganda,UGA,AFR,Low,2017,4.0,0.1,31.0,"4,561,352",787,"1,263"
Uganda,UGA,AFR,Low,2018,4.0,0.1,33.0,"5,104,815",821,"1,370"
Uganda,UGA,AFR,Low,2019,3.8,0.2,33.0,"5,314,231",879,"1,435"
United Republic of Tanzania,TZA,AFR,Lower-middle,2012,5.0,0.5,42.0,"3,127,022",830,"1,990"
United Republic of Tanzania,TZA,AFR,Lower-middle,2014,4.0,0.2,39.0,"3,316,461",983,"2,006"
United Republic of Tanzania,TZA,AFR,Lower-middle,2015,3.6,0.0,33.0,"3,443,466",902,"1,729"
United Republic of Tanzania,TZA,AFR,Lower-middle,2016,4.0,0.1,36.0,"4,294,945",915,"1,973"
Zambia,ZMB,AFR,Low,2011,4.0,0.3,65.0,"4,515","1,644",929
Zambia,ZMB,AFR,Low,2013,4.6,0.2,84.0,"6,922","1,841","1,283"
Zambia,ZMB,AFR,Low,2014,3.8,0.3,66.0,"6,397","1,725","1,039"
Zambia,ZMB,AFR,Low,2015,4.4,0.2,58.0,"8,123","1,308",941
Zambia,ZMB,AFR,Low,2016,4.5,0.2,56.0,"9,658","1,250",937
Zambia,ZMB,AFR,Low,2017,4.8,0.3,72.0,"11,775","1,496","1,237"
Zambia,ZMB,AFR,Low,2018,4.8,0.4,70.0,"13,126","1,475","1,255"
Zambia,ZMB,AFR,Low,2019,6.8,0.4,86.0,"20,290","1,268","1,574"
Zambia,ZMB,AFR,Low,2020,6.3,0.8,60.0,"20,984",957,"1,144"
Zambia,ZMB,AFR,Low,2021,6.6,0.3,75.0,"29,369","1,137","1,467"
Zimbabwe,ZWE,AFR,Lower-middle,2010,10.5,0.7,98.0,"1,262",938,"1,262"
Zimbabwe,ZWE,AFR,Lower-middle,2015,7.4,0.0,105,"1,488","1,411","1,488"
Zimbabwe,ZWE,AFR,Lower-middle,2017,6.4,0.1,92,"1,361","1,450","1,361"
Zimbabwe,ZWE,AFR,Lower-middle,2018,4.7,0.2,115,"1,725","2,454","1,725"
Zimbabwe,ZWE,AFR,Lower-middle,2019,3.2,0.1,55,842,"1,695",842
Zimbabwe,ZWE,AFR,Lower-middle,2020,3.0,0.1,51,794,"1,715",794
Antigua and Barbuda,ATG,AMR,High,2010,5.4,0.0,721,167,"13,402",62
Antigua and Barbuda,ATG,AMR,High,2011,5.4,0.0,714,167,"13,119",62
Antigua and Barbuda,ATG,AMR,High,2012,5.5,0.0,750,178,"13,687",66
Antigua and Barbuda,ATG,AMR,High,2015,5.3,0.0,785,191,"14,862",71
Antigua and Barbuda,ATG,AMR,High,2016,5.1,0.1,813,199,"15,863",74
Antigua and Barbuda,ATG,AMR,High,2017,4.9,0.0,785,193,"16,112",72
Antigua and Barbuda,ATG,AMR,High,2018,4.8,0.0,850,210,"17,527",78
Antigua and Barbuda,ATG,AMR,High,2019,4.4,0.0,802,199,"18,318",74
Antigua and Barbuda,ATG,AMR,High,2020,5.9,0.0,876,219,"14,789",81
Antigua and Barbuda,ATG,AMR,High,2021,5.9,0.0,923,232,"15,781",86
Argentina,ARG,AMR,Upper-middle,2010,9.4,0.0,980,"156,957","10,377","40,284"
Argentina,ARG,AMR,Upper-middle,2011,9.4,0.0,"1,203","205,225","12,769","49,931"
Argentina,ARG,AMR,Upper-middle,2012,9.8,0.0,"1,362","259,235","13,859","57,139"
Argentina,ARG,AMR,Upper-middle,2013,9.8,0.0,"1,415","327,497","14,469","59,988"
Argentina,ARG,AMR,Upper-middle,2014,9.7,0.0,"1,281","442,857","13,241","54,841"
Argentina,ARG,AMR,Upper-middle,2015,10.2,0.0,"1,525","609,107","14,909","65,969"
Argentina,ARG,AMR,Upper-middle,2016,9.9,0.0,"1,258","810,934","12,767","54,948"
Argentina,ARG,AMR,Upper-middle,2017,10.2,0.0,"1,495","1,090,728","14,610","65,854"
Bahamas,BHS,AMR,High,2010,5.3,0.1,"1,422",531,"27,047",531
Bahamas,BHS,AMR,High,2011,5.3,0.0,"1,419",536,"26,644",536
Bahamas,BHS,AMR,High,2012,5.3,0.0,"1,492",570,"28,058",570
Bahamas,BHS,AMR,High,2013,5.6,0.0,"1,532",591,"27,390",591
Bahamas,BHS,AMR,High,2018,6.0,0.1,"1,899",763,"31,739",763
Bahamas,BHS,AMR,High,2019,5.8,0.1,"1,899",768,"32,611",768
Bahamas,BHS,AMR,High,2020,7.6,0.1,"1,825",742,"23,864",742
Bahamas,BHS,AMR,High,2021,7.1,1.3,"1,962",800,"27,479",800
Barbados,BRB,AMR,High,2010,6.8,0.1,"1,117",613,"16,490",307
Barbados,BRB,AMR,High,2011,6.9,0.1,"1,166",642,"16,906",321
Barbados,BRB,AMR,High,2012,7.8,0.2,"1,298",717,"16,691",359
Barbados,BRB,AMR,High,2013,7.4,0.1,"1,250",692,"16,893",346
Barbados,BRB,AMR,High,2014,7.0,0.1,"1,179",654,"16,925",327
Barbados,BRB,AMR,High,2015,6.8,0.2,"1,158",644,"16,955",322
Barbados,BRB,AMR,High,2016,6.8,0.2,"1,185",660,"17,334",330
Barbados,BRB,AMR,High,2017,6.7,0.1,"1,186",662,"17,830",331
Barbados,BRB,AMR,High,2018,6.5,0.2,"1,174",657,"18,186",328
Barbados,BRB,AMR,High,2019,6.2,0.4,"1,172",657,"18,909",328
Barbados,BRB,AMR,High,2021,8.1,0.1,"1,400",788,"17,310",394
Belize,BLZ,AMR,Upper-middle,2010,4.5,0.0,243,156,"5,397",78
Belize,BLZ,AMR,Upper-middle,2011,4.5,0.0,251,166,"5,521",83
Belize,BLZ,AMR,Upper-middle,2012,4.4,0.0,246,166,"5,646",83
Belize,BLZ,AMR,Upper-middle,2013,4.4,0.0,261,180,"5,888",90
Belize,BLZ,AMR,Upper-middle,2014,4.9,0.1,296,209,"6,068",104
Belize,BLZ,AMR,Upper-middle,2015,4.7,0.0,286,206,"6,142",103
Belize,BLZ,AMR,Upper-middle,2016,4.8,0.0,293,215,"6,149",108
Belize,BLZ,AMR,Upper-middle,2017,4.6,0.1,282,211,"6,101",106
Belize,BLZ,AMR,Upper-middle,2018,4.7,0.0,288,220,"6,059",110
Belize,BLZ,AMR,Upper-middle,2019,4.8,0.0,299,233,"6,211",116
Belize,BLZ,AMR,Upper-middle,2020,5.3,0.0,280,221,"5,267",110
Belize,BLZ,AMR,Upper-middle,2021,5.0,0.0,310,248,"6,228",124
Bolivia (Plurinational State of),BOL,AMR,Lower-middle,2010,5.2,0.4,100,"7,173","1,922","1,022"
Bolivia (Plurinational State of),BOL,AMR,Lower-middle,2011,5.2,0.5,119,"8,599","2,305","1,240"
Bolivia (Plurinational State of),BOL,AMR,Lower-middle,2012,5.3,0.5,135,"9,833","2,562","1,423"
Bolivia (Plurinational State of),BOL,AMR,Lower-middle,2013,5.6,0.7,159,"11,810","2,854","1,709"
Bolivia (Plurinational State of),BOL,AMR,Lower-middle,2014,5.9,0.8,178,"13,443","3,022","1,946"
Bolivia (Plurinational State of),BOL,AMR,Lower-middle,2015,6.6,1.0,195,"14,938","2,976","2,162"
Bolivia (Plurinational State of),BOL,AMR,Lower-middle,2016,6.8,1.0,206,"16,026","3,014","2,319"
Bolivia (Plurinational State of),BOL,AMR,Lower-middle,2017,6.5,0.6,213,"16,822","3,280","2,434"
Bolivia (Plurinational State of),BOL,AMR,Lower-middle,2018,6.6,0.8,229,"18,385","3,471","2,661"
Bolivia (Plurinational State of),BOL,AMR,Lower-middle,2019,6.9,0.8,239,"19,464","3,472","2,817"
Brazil,BRA,AMR,Upper-middle,2010,7.9,0.3,894,"308,737","11,249","175,496"
Brazil,BRA,AMR,Upper-middle,2011,7.8,0.3,"1,028","340,841","13,201","203,751"
Brazil,BRA,AMR,Upper-middle,2012,7.7,0.3,954,"372,488","12,328","190,719"
Brazil,BRA,AMR,Upper-middle,2013,8.0,0.3,978,"425,282","12,259","197,247"
Brazil,BRA,AMR,Upper-middle,2014,8.4,0.4,"1,014","485,226","12,071","206,220"
Brazil,BRA,AMR,Upper-middle,2015,8.9,0.3,783,"534,183","8,783","160,564"
Brazil,BRA,AMR,Upper-middle,2016,9.2,0.3,796,"574,836","8,681","164,647"
Brazil,BRA,AMR,Upper-middle,2017,9.5,0.3,937,"623,727","9,897","195,441"
Brazil,BRA,AMR,Upper-middle,2018,9.5,0.3,863,"662,924","9,121","181,433"
Brazil,BRA,AMR,Upper-middle,2019,9.6,0.3,850,"710,427","8,845","180,107"
Brazil,BRA,AMR,Upper-middle,2020,10.2,0.2,705,"774,836","6,924","150,302"
Canada,CAN,AMR,High,2010,10.7,0.6,"5,084","177,869","47,620","172,669"
Canada,CAN,AMR,High,2011,10.4,0.6,"5,423","184,139","52,248","186,139"
Canada,CAN,AMR,High,2012,10.5,0.6,"5,539","192,034","52,703","192,156"
Canada,CAN,AMR,High,2013,10.4,0.5,"5,483","198,057","52,664","192,263"
Canada,CAN,AMR,High,2014,10.3,0.4,"5,232","204,630","51,003","185,228"
Canada,CAN,AMR,High,2015,10.7,0.5,"4,678","213,748","43,560","167,149"
Canada,CAN,AMR,High,2016,11.0,0.4,"4,668","223,455","42,311","168,567"
Canada,CAN,AMR,High,2017,10.9,0.4,"4,921","233,465","45,118","179,874"
Canada,CAN,AMR,High,2018,10.9,0.4,"5,080","243,810","46,585","188,151"
Canada,CAN,AMR,High,2019,11.0,0.4,"5,116","254,697","46,471","191,965"
Canada,CAN,AMR,High,2020,13.0,0.5,"5,668","288,035","43,485","214,766"
Canada,CAN,AMR,High,2021,12.3,0.5,"6,470","309,539","52,457","246,866"
Canada,CAN,AMR,High,2022,11.2,0.5,"6,207","310,672","55,646","238,693"
Chile,CHL,AMR,High,2010,6.8,0.3,871,"7,554,590","12,768","14,806"
Chile,CHL,AMR,High,2011,6.8,0.3,995,"8,261,995","14,629","17,082"
Chile,CHL,AMR,High,2012,7.0,0.3,"1,081","9,123,499","15,406","18,754"
Chile,CHL,AMR,High,2013,7.5,0.3,"1,184","10,264,586","15,833","20,725"
Chile,CHL,AMR,High,2014,7.8,0.3,"1,150","11,601,603","14,666","20,341"
Chile,CHL,AMR,High,2015,8.4,0.3,"1,133","13,247,223","13,570","20,252"
Chile,CHL,AMR,High,2016,8.6,0.3,"1,180","14,442,327","13,786","21,334"
Chile,CHL,AMR,High,2017,9.1,0.2,"1,368","16,300,654","15,046","25,123"
Chile,CHL,AMR,High,2018,9.2,0.2,"1,457","17,476,790","15,796","27,253"
Colombia,COL,AMR,Upper-middle,2010,7.1,0.6,452,"38,472,124","6,393","20,259"
Colombia,COL,AMR,Upper-middle,2011,6.8,0.7,501,"41,974,512","7,393","22,713"
Colombia,COL,AMR,Upper-middle,2012,6.7,0.8,546,"44,962,668","8,097","25,007"
Colombia,COL,AMR,Upper-middle,2013,7.0,0.8,580,"50,109,624","8,264","26,812"
Colombia,COL,AMR,Upper-middle,2014,7.2,0.9,587,"54,818,640","8,167","27,394"
Colombia,COL,AMR,Upper-middle,2016,7.5,0.0,447,"65,052,892","5,936","21,292"
Costa Rica,CRI,AMR,Upper-middle,2010,8.0,0.2,654,"1,589,978","8,147","3,024"
Costa Rica,CRI,AMR,Upper-middle,2011,8.1,0.1,742,"1,756,258","9,137","3,473"
Costa Rica,CRI,AMR,Upper-middle,2012,7.8,0.1,776,"1,849,499","9,972","3,678"
Costa Rica,CRI,AMR,Upper-middle,2013,7.7,0.2,817,"1,956,139","10,633","3,914"
Costa Rica,CRI,AMR,Upper-middle,2014,7.7,0.2,823,"2,145,955","10,738","3,986"
Costa Rica,CRI,AMR,Upper-middle,2015,7.6,0.2,875,"2,290,641","11,530","4,285"
Costa Rica,CRI,AMR,Upper-middle,2016,7.3,0.2,871,"2,345,637","11,900","4,306"
Costa Rica,CRI,AMR,Upper-middle,2017,7.0,0.3,854,"2,419,589","12,118","4,263"
Costa Rica,CRI,AMR,Upper-middle,2018,7.3,0.2,902,"2,623,988","12,383","4,548"
Costa Rica,CRI,AMR,Upper-middle,2019,7.2,0.3,915,"2,731,954","12,669","4,652"
Costa Rica,CRI,AMR,Upper-middle,2020,7.8,0.4,953,"2,855,920","12,179","4,883"
Costa Rica,CRI,AMR,Upper-middle,2021,7.6,0.3,949,"3,036,073","12,537","4,891"
Cuba,CUB,AMR,Upper-middle,2010,10.7,0.1,609,"6,875","5,698","6,875"
Cuba,CUB,AMR,Upper-middle,2011,11.3,0.1,696,"7,805","6,152","7,864"
Cuba,CUB,AMR,Upper-middle,2012,9.3,0.1,601,"6,802","6,467","6,802"
Cuba,CUB,AMR,Upper-middle,2013,10.4,0.1,711,"8,047","6,814","8,047"
Cuba,CUB,AMR,Upper-middle,2014,12.1,0.1,864,"9,793","7,118","9,793"
Cuba,CUB,AMR,Upper-middle,2015,12.8,0.2,985,"11,165","7,690","11,175"
Cuba,CUB,AMR,Upper-middle,2016,12.2,0.3,984,"11,163","8,056","11,163"
Cuba,CUB,AMR,Upper-middle,2017,11.5,0.2,980,"11,111","8,543","11,111"
Cuba,CUB,AMR,Upper-middle,2018,11.0,0.1,973,"11,024","8,832","11,024"
Cuba,CUB,AMR,Upper-middle,2019,11.1,0.1,"1,013","11,465","9,139","11,465"
Cuba,CUB,AMR,Upper-middle,2020,12.5,0.1,"1,186","13,404","9,500","13,404"
Dominica,DMA,AMR,Upper-middle,2010,5.2,0.6,370,69,"7,181",25
Dominica,DMA,AMR,Upper-middle,2011,5.3,0.5,389,72,"7,290",27
Dominica,DMA,AMR,Upper-middle,2012,5.8,0.3,409,76,"7,054",28
Dominica,DMA,AMR,Upper-middle,2013,5.3,0.6,387,72,"7,239",27
Dominica,DMA,AMR,Upper-middle,2014,5.3,0.4,395,74,"7,501",27
Dominica,DMA,AMR,Upper-middle,2015,5.2,0.1,399,75,"7,724",28
Dominica,DMA,AMR,Upper-middle,2016,5.1,0.1,421,80,"8,224",30
Dominica,DMA,AMR,Upper-middle,2017,5.5,1.3,405,77,"7,407",28
Dominica,DMA,AMR,Upper-middle,2018,6.2,0.2,485,93,"7,834",34
Dominica,DMA,AMR,Upper-middle,2019,5.2,0.6,443,85,"8,561",32
Dominica,DMA,AMR,Upper-middle,2020,6.0,0.7,420,82,"7,002",30
Dominica,DMA,AMR,Upper-middle,2021,6.5,6.0,482,94,"7,416",35
Dominican Republic,DOM,AMR,Upper-middle,2010,4.9,0.2,271,"97,644","5,510","2,652"
Dominican Republic,DOM,AMR,Upper-middle,2011,5.0,0.2,295,"111,350","5,859","2,924"
Dominican Republic,DOM,AMR,Upper-middle,2012,5.0,0.3,305,"120,469","6,049","3,064"
Dominican Republic,DOM,AMR,Upper-middle,2013,4.9,0.1,303,"128,787","6,171","3,081"
Dominican Republic,DOM,AMR,Upper-middle,2014,4.8,0.1,313,"140,361","6,534","3,223"
Dominican Republic,DOM,AMR,Upper-middle,2015,4.7,0.2,323,"151,376","6,839","3,361"
Dominican Republic,DOM,AMR,Upper-middle,2016,4.6,0.1,329,"159,601","7,191","3,465"
Dominican Republic,DOM,AMR,Upper-middle,2017,4.5,0.3,338,"170,867","7,513","3,595"
Dominican Republic,DOM,AMR,Upper-middle,2018,4.1,0.3,328,"174,772","7,947","3,530"
Ecuador,ECU,AMR,Upper-middle,2010,6.2,0.4,289,"4,327","4,640","4,327"
Ecuador,ECU,AMR,Upper-middle,2011,6.6,0.4,342,"5,217","5,203","5,217"
Ecuador,ECU,AMR,Upper-middle,2012,6.9,0.4,390,"6,035","5,678","6,035"
Ecuador,ECU,AMR,Upper-middle,2013,6.9,0.5,416,"6,546","6,050","6,546"
Ecuador,ECU,AMR,Upper-middle,2014,6.8,0.5,436,"6,950","6,375","6,950"
Ecuador,ECU,AMR,Upper-middle,2015,7.6,0.6,466,"7,551","6,131","7,551"
Ecuador,ECU,AMR,Upper-middle,2016,7.4,0.7,451,"7,411","6,079","7,411"
Ecuador,ECU,AMR,Upper-middle,2017,7.5,0.8,471,"7,861","6,246","7,861"
Ecuador,ECU,AMR,Upper-middle,2018,7.8,0.4,495,"8,418","6,321","8,418"
Ecuador,ECU,AMR,Upper-middle,2019,7.8,0.3,484,"8,401","6,233","8,401"
Ecuador,ECU,AMR,Upper-middle,2020,8.4,0.2,472,"8,300","5,645","8,300"
Ecuador,ECU,AMR,Upper-middle,2021,8.3,0.2,494,"8,798","5,965","8,798"
El Salvador,SLV,AMR,Lower-middle,2017,8.4,0.4,336,"2,104","3,986","2,104"
El Salvador,SLV,AMR,Lower-middle,2018,8.3,0.3,345,"2,166","4,146","2,166"
El Salvador,SLV,AMR,Lower-middle,2019,8.8,0.2,377,"2,368","4,280","2,368"
El Salvador,SLV,AMR,Lower-middle,2020,9.1,0.4,354,"2,231","3,903","2,231"
El Salvador,SLV,AMR,Lower-middle,2021,9.7,0.3,442,"2,792","4,551","2,792"
Grenada,GRD,AMR,Upper-middle,2010,5.4,0.1,366,113,"6,762",42
Grenada,GRD,AMR,Upper-middle,2011,5.8,0.1,393,122,"6,775",45
Grenada,GRD,AMR,Upper-middle,2012,5.8,0.0,402,126,"6,902",47
Grenada,GRD,AMR,Upper-middle,2013,5.6,0.1,405,128,"7,205",47
Grenada,GRD,AMR,Upper-middle,2014,4.8,0.2,369,117,"7,726",44
Grenada,GRD,AMR,Upper-middle,2015,4.6,0.3,389,125,"8,380",46
Grenada,GRD,AMR,Upper-middle,2016,4.4,0.2,393,127,"8,848",47
Grenada,GRD,AMR,Upper-middle,2017,4.7,0.3,433,142,"9,308",52
Grenada,GRD,AMR,Upper-middle,2018,4.6,0.2,439,144,"9,576",53
Grenada,GRD,AMR,Upper-middle,2019,4.9,0.2,488,162,"9,887",60
Grenada,GRD,AMR,Upper-middle,2020,5.6,0.2,469,157,"8,437",58
Grenada,GRD,AMR,Upper-middle,2021,5.7,0.6,505,170,"8,869",63
Guatemala,GTM,AMR,Upper-middle,2010,6.1,0.3,175,"20,483","2,854","2,542"
Guatemala,GTM,AMR,Upper-middle,2011,6.0,0.2,191,"22,025","3,198","2,829"
Guatemala,GTM,AMR,Upper-middle,2012,6.1,0.2,200,"23,742","3,299","3,031"
Guatemala,GTM,AMR,Upper-middle,2013,5.8,0.2,198,"24,033","3,436","3,059"
Guatemala,GTM,AMR,Upper-middle,2014,5.9,0.2,217,"26,341","3,682","3,407"
Guatemala,GTM,AMR,Upper-middle,2015,6.0,0.1,233,"28,590","3,886","3,735"
Guatemala,GTM,AMR,Upper-middle,2016,6.1,0.0,246,"30,472","4,055","4,009"
Guatemala,GTM,AMR,Upper-middle,2017,6.1,0.1,265,"32,305","4,322","4,396"
Guatemala,GTM,AMR,Upper-middle,2018,6.1,0.1,266,"33,670","4,352","4,478"
Guatemala,GTM,AMR,Upper-middle,2019,6.2,0.1,279,"36,674","4,511","4,765"
Guatemala,GTM,AMR,Upper-middle,2020,6.5,0.1,289,"38,763","4,471","5,020"
Guatemala,GTM,AMR,Upper-middle,2021,6.9,0.0,341,"46,435","4,941","6,004"
Guyana,GUY,AMR,Upper-middle,2010,4.2,0.3,163,"24,825","3,863",122
Guyana,GUY,AMR,Upper-middle,2011,4.2,0.1,187,"28,332","4,472",139
Guyana,GUY,AMR,Upper-middle,2012,3.7,0.2,203,"30,790","5,461",151
Guyana,GUY,AMR,Upper-middle,2013,3.8,0.1,212,"32,549","5,576",158
Guyana,GUY,AMR,Upper-middle,2014,3.9,0.2,217,"33,639","5,495",163
Guyana,GUY,AMR,Upper-middle,2015,4.0,0.1,228,"35,552","5,668",172
Guyana,GUY,AMR,Upper-middle,2016,4.0,0.0,237,"37,198","5,905",180
Guyana,GUY,AMR,Upper-middle,2017,4.3,0.2,269,"42,349","6,221",205
Guyana,GUY,AMR,Upper-middle,2018,4.9,0.2,299,"48,778","6,095",235
Guyana,GUY,AMR,Upper-middle,2019,4.9,0.3,318,"52,893","6,477",254
Guyana,GUY,AMR,Upper-middle,2020,5.5,0.4,378,"62,808","6,863",301
Guyana,GUY,AMR,Upper-middle,2021,4.9,0.3,471,"78,939","9,518",379
Haiti,HTI,AMR,Lower-middle,2010,4.5,0.2,56,"21,745","1,220",546
Haiti,HTI,AMR,Lower-middle,2011,5.9,0.3,77,"30,986","1,299",765
Haiti,HTI,AMR,Lower-middle,2012,5.6,0.3,75,"31,718","1,344",756
Haiti,HTI,AMR,Lower-middle,2013,4.1,0.5,59,"26,383","1,441",607
Haiti,HTI,AMR,Lower-middle,2014,4.5,0.2,65,"30,538","1,435",675
Haiti,HTI,AMR,Lower-middle,2015,5.1,0.2,68,"36,554","1,345",721
Haiti,HTI,AMR,Lower-middle,2016,4.8,0.2,60,"40,599","1,244",641
Haiti,HTI,AMR,Lower-middle,2017,3.8,0.1,54,"37,700","1,403",582
Haiti,HTI,AMR,Lower-middle,2018,4.3,0.1,62,"46,463","1,437",683
Haiti,HTI,AMR,Lower-middle,2019,3.9,0.2,49,"48,654","1,255",548
Haiti,HTI,AMR,Lower-middle,2020,3.2,0.4,44,"46,711","1,371",500
Honduras,HND,AMR,Lower-middle,2013,8.5,0.3,175,"31,920","2,065","1,568"
Honduras,HND,AMR,Lower-middle,2014,7.9,0.3,171,"32,816","2,164","1,564"
Honduras,HND,AMR,Lower-middle,2015,7.5,0.2,169,"34,456","2,257","1,570"
Honduras,HND,AMR,Lower-middle,2016,7.7,0.3,177,"38,233","2,296","1,674"
Honduras,HND,AMR,Lower-middle,2017,7.0,0.1,168,"38,075","2,403","1,621"
Honduras,HND,AMR,Lower-middle,2018,7.2,0.1,178,"41,583","2,458","1,740"
Honduras,HND,AMR,Lower-middle,2019,7.3,0.1,184,"44,920","2,519","1,833"
Honduras,HND,AMR,Lower-middle,2020,9.0,0.1,213,"52,922","2,354","2,153"
Honduras,HND,AMR,Lower-middle,2021,9.2,0.1,254,"62,680","2,772","2,610"
Jamaica,JAM,AMR,Upper-middle,2010,5.3,0.1,256,"61,042","4,836",700
Jamaica,JAM,AMR,Upper-middle,2011,5.2,0.1,276,"64,994","5,260",757
Jamaica,JAM,AMR,Upper-middle,2012,4.9,0.2,262,"64,197","5,365",723
Jamaica,JAM,AMR,Upper-middle,2013,5.0,0.3,255,"70,952","5,144",707
Jamaica,JAM,AMR,Upper-middle,2014,5.2,0.1,258,"79,649","4,992",718
Jamaica,JAM,AMR,Upper-middle,2015,5.6,0.1,286,"93,352","5,078",798
Jamaica,JAM,AMR,Upper-middle,2016,5.7,0.2,286,"100,394","5,023",803
Jamaica,JAM,AMR,Upper-middle,2017,6.1,0.2,324,"116,517","5,273",911
Jamaica,JAM,AMR,Upper-middle,2018,6.0,0.1,334,"120,986","5,594",939
Jamaica,JAM,AMR,Upper-middle,2019,6.1,0.1,343,"128,686","5,626",965
Jamaica,JAM,AMR,Upper-middle,2020,6.6,0.2,324,"130,325","4,897",915
Jamaica,JAM,AMR,Upper-middle,2021,7.2,0.1,372,"158,809","5,184","1,053"
Mexico,MEX,AMR,Upper-middle,2010,5.7,0.2,539,"766,814","9,400","60,685"
Mexico,MEX,AMR,Upper-middle,2011,5.5,0.1,571,"809,369","10,342","65,149"
Mexico,MEX,AMR,Upper-middle,2012,5.7,0.1,588,"896,111","10,376","68,045"
Mexico,MEX,AMR,Upper-middle,2013,5.8,0.1,631,"945,580","10,866","74,035"
Mexico,MEX,AMR,Upper-middle,2014,5.6,0.1,615,"970,975","11,076","73,047"
Mexico,MEX,AMR,Upper-middle,2015,5.7,0.1,558,"1,062,840","9,753","67,063"
Mexico,MEX,AMR,Upper-middle,2016,5.6,0.1,493,"1,117,859","8,875","59,894"
Mexico,MEX,AMR,Upper-middle,2017,5.5,0.1,515,"1,197,077","9,434","63,249"
Mexico,MEX,AMR,Upper-middle,2018,5.4,0.1,531,"1,266,426","9,857","65,808"
Mexico,MEX,AMR,Upper-middle,2019,5.4,0.1,553,"1,331,795","10,145","69,135"
Mexico,MEX,AMR,Upper-middle,2020,6.2,0.1,539,"1,457,848","8,655","67,852"
Mexico,MEX,AMR,Upper-middle,2021,6.1,0.1,611,"1,568,515","10,046","77,372"
Nicaragua,NIC,AMR,Lower-middle,2010,7.7,0.1,115,"14,422","1,496",675
Nicaragua,NIC,AMR,Lower-middle,2011,7.4,0.1,123,"16,329","1,645",728
Nicaragua,NIC,AMR,Lower-middle,2012,7.5,0.3,131,"18,571","1,746",789
Nicaragua,NIC,AMR,Lower-middle,2013,7.6,0.3,137,"20,741","1,795",839
Nicaragua,NIC,AMR,Lower-middle,2014,8.0,0.4,153,"24,602","1,914",948
Nicaragua,NIC,AMR,Lower-middle,2015,8.0,0.5,161,"27,688","2,025","1,016"
Nicaragua,NIC,AMR,Lower-middle,2016,8.0,0.4,167,"30,606","2,079","1,069"
Nicaragua,NIC,AMR,Lower-middle,2017,8.3,0.3,177,"34,499","2,127","1,148"
Nicaragua,NIC,AMR,Lower-middle,2018,8.5,0.3,168,"34,931","1,982","1,107"
Nicaragua,NIC,AMR,Lower-middle,2019,8.6,0.3,162,"35,754","1,890","1,079"
Nicaragua,NIC,AMR,Lower-middle,2020,8.7,0.6,161,"37,400","1,863","1,089"
Nicaragua,NIC,AMR,Lower-middle,2021,9.7,1.1,198,"47,725","2,046","1,357"
Panama,PAN,AMR,High,2010,7.5,0.9,608,"2,204","8,124","2,204"
Panama,PAN,AMR,High,2011,7.1,0.9,666,"2,456","9,403","2,456"
Panama,PAN,AMR,High,2012,6.7,0.9,726,"2,726","10,767","2,726"
Panama,PAN,AMR,High,2013,6.8,1.0,807,"3,082","11,932","3,082"
Panama,PAN,AMR,High,2014,7.2,1.3,920,"3,578","12,837","3,578"
Panama,PAN,AMR,High,2015,7.2,1.3,983,"3,889","13,670","3,889"
Panama,PAN,AMR,High,2016,7.4,0.6,"1,057","4,257","14,382","4,257"
Panama,PAN,AMR,High,2017,7.4,0.7,"1,128","4,619","15,186","4,619"
Panama,PAN,AMR,High,2018,7.9,0.8,"1,228","5,115","15,588","5,115"
Panama,PAN,AMR,High,2019,8.5,0.8,"1,340","5,672","15,826","5,672"
Panama,PAN,AMR,High,2020,10.8,0.9,"1,358","5,832","12,569","5,832"
Panama,PAN,AMR,High,2021,9.7,0.9,"1,415","6,158","14,618","6,158"
Paraguay,PRY,AMR,Upper-middle,2010,5.5,0.3,257,"7,056,139","4,703","1,483"
Paraguay,PRY,AMR,Upper-middle,2011,5.8,0.2,336,"8,237,707","5,773","1,964"
Paraguay,PRY,AMR,Upper-middle,2012,6.5,0.3,367,"9,615,954","5,621","2,175"
Paraguay,PRY,AMR,Upper-middle,2013,6.1,0.2,390,"10,087,987","6,436","2,344"
Paraguay,PRY,AMR,Upper-middle,2014,6.6,0.1,439,"11,940,478","6,629","2,676"
Paraguay,PRY,AMR,Upper-middle,2015,6.7,0.2,392,"12,612,259","5,861","2,423"
Paraguay,PRY,AMR,Upper-middle,2016,6.7,0.3,384,"13,661,363","5,759","2,409"
Paraguay,PRY,AMR,Upper-middle,2017,6.6,0.2,406,"14,481,847","6,136","2,577"
Paraguay,PRY,AMR,Upper-middle,2018,6.7,0.2,421,"15,552,329","6,243","2,713"
Paraguay,PRY,AMR,Upper-middle,2019,7.2,0.2,416,"16,948,334","5,808","2,716"
Paraguay,PRY,AMR,Upper-middle,2020,7.7,0.2,411,"18,414,248","5,353","2,720"
Paraguay,PRY,AMR,Upper-middle,2021,8.0,0.2,479,"21,739,400","5,959","3,209"
Peru,PER,AMR,Upper-middle,2010,4.7,0.5,240,"19,840","5,096","7,023"
Peru,PER,AMR,Upper-middle,2011,4.5,0.4,263,"21,349","5,799","7,752"
Peru,PER,AMR,Upper-middle,2012,4.7,0.4,307,"24,114","6,491","9,143"
Peru,PER,AMR,Upper-middle,2013,4.7,0.5,320,"25,997","6,745","9,622"
Peru,PER,AMR,Upper-middle,2014,5.0,0.4,332,"28,592","6,683","10,071"
Peru,PER,AMR,Upper-middle,2015,5.0,0.4,310,"30,344","6,254","9,529"
Peru,PER,AMR,Upper-middle,2016,5.0,0.4,311,"32,724","6,279","9,696"
Peru,PER,AMR,Upper-middle,2017,4.9,0.3,333,"34,327","6,825","10,528"
Peru,PER,AMR,Upper-middle,2018,5.2,0.3,363,"38,465","7,044","11,704"
Peru,PER,AMR,Upper-middle,2019,5.2,0.3,367,"40,155","7,078","12,032"
Peru,PER,AMR,Upper-middle,2020,6.3,0.4,388,"45,219","6,181","12,938"
Peru,PER,AMR,Upper-middle,2021,6.2,0.4,412,"53,931","6,701","13,898"
Saint Kitts and Nevis,KNA,AMR,High,2010,5.2,0.0,857,110,"16,431",41
Saint Kitts and Nevis,KNA,AMR,High,2011,5.2,0.0,907,117,"17,568",43
Saint Kitts and Nevis,KNA,AMR,High,2012,5.0,0.1,867,112,"17,313",41
Saint Kitts and Nevis,KNA,AMR,High,2013,5.0,0.2,925,119,"18,330",44
Saint Kitts and Nevis,KNA,AMR,High,2014,4.7,0.1,948,122,"19,964",45
Saint Kitts and Nevis,KNA,AMR,High,2015,5.1,0.5,"1,027",132,"20,057",49
Saint Kitts and Nevis,KNA,AMR,High,2016,5.4,0.2,"1,145",148,"21,112",55
Saint Kitts and Nevis,KNA,AMR,High,2017,5.3,0.2,"1,168",151,"22,198",56
Saint Kitts and Nevis,KNA,AMR,High,2018,4.9,0.2,"1,103",142,"22,551",53
Saint Kitts and Nevis,KNA,AMR,High,2019,5.2,0.3,"1,204",155,"23,218",57
Saint Kitts and Nevis,KNA,AMR,High,2020,5.7,0.5,"1,051",135,"18,564",50
Saint Kitts and Nevis,KNA,AMR,High,2021,6.2,0.8,"1,114",143,"18,080",53
Saint Lucia,LCA,AMR,Upper-middle,2010,5.1,0.5,438,202,"8,671",75
Saint Lucia,LCA,AMR,Upper-middle,2011,5.1,0.6,463,215,"9,112",80
Saint Lucia,LCA,AMR,Upper-middle,2012,4.9,0.7,455,212,"9,231",79
Saint Lucia,LCA,AMR,Upper-middle,2013,5.0,0.3,482,226,"9,544",84
Saint Lucia,LCA,AMR,Upper-middle,2014,4.6,0.1,463,218,"10,007",81
Saint Lucia,LCA,AMR,Upper-middle,2015,4.5,0.2,465,220,"10,291",82
Saint Lucia,LCA,AMR,Upper-middle,2016,4.4,0.3,470,224,"10,575",83
Saint Lucia,LCA,AMR,Upper-middle,2017,4.4,0.2,493,236,"11,270",87
Saint Lucia,LCA,AMR,Upper-middle,2018,4.2,0.1,484,233,"11,564",86
Saint Lucia,LCA,AMR,Upper-middle,2019,4.2,0.2,491,237,"11,726",88
Saint Lucia,LCA,AMR,Upper-middle,2020,6.8,0.2,574,278,"8,458",103
Saint Lucia,LCA,AMR,Upper-middle,2021,6.2,0.3,585,284,"9,413",105
Saint Vincent and the Grenadines,VCT,AMR,Upper-middle,2010,4.3,0.5,284,84,"6,590",31
Saint Vincent and the Grenadines,VCT,AMR,Upper-middle,2011,4.2,0.3,278,82,"6,566",30
Saint Vincent and the Grenadines,VCT,AMR,Upper-middle,2012,4.5,0.4,301,88,"6,754",32
Saint Vincent and the Grenadines,VCT,AMR,Upper-middle,2013,4.2,0.5,302,88,"7,118",32
Saint Vincent and the Grenadines,VCT,AMR,Upper-middle,2014,4.2,0.4,301,87,"7,209",32
Saint Vincent and the Grenadines,VCT,AMR,Upper-middle,2015,4.1,0.6,304,87,"7,388",32
Saint Vincent and the Grenadines,VCT,AMR,Upper-middle,2016,4.1,0.5,315,90,"7,686",33
Saint Vincent and the Grenadines,VCT,AMR,Upper-middle,2017,4.2,0.2,338,96,"7,997",36
Saint Vincent and the Grenadines,VCT,AMR,Upper-middle,2018,4.3,0.1,357,102,"8,401",38
Saint Vincent and the Grenadines,VCT,AMR,Upper-middle,2019,4.3,0.3,369,105,"8,680",39
Saint Vincent and the Grenadines,VCT,AMR,Upper-middle,2020,4.8,0.3,402,114,"8,308",42
Saint Vincent and the Grenadines,VCT,AMR,Upper-middle,2021,5.4,0.1,448,126,"8,360",47
Suriname,SUR,AMR,Upper-middle,2016,6.0,0.1,342,"1,238","5,705",199
Trinidad and Tobago,TTO,AMR,High,2010,5.1,0.3,811,"7,295","15,970","1,144"
Trinidad and Tobago,TTO,AMR,High,2011,4.7,0.2,858,"7,805","18,161","1,218"
Trinidad and Tobago,TTO,AMR,High,2012,4.6,0.2,878,"8,079","18,961","1,257"
Trinidad and Tobago,TTO,AMR,High,2013,4.8,0.1,952,"8,836","19,822","1,372"
Trinidad and Tobago,TTO,AMR,High,2014,4.9,0.2,990,"9,207","20,328","1,437"
Trinidad and Tobago,TTO,AMR,High,2015,5.7,0.5,"1,039","9,676","18,390","1,517"
Trinidad and Tobago,TTO,AMR,High,2016,6.5,0.3,"1,041","10,201","15,991","1,530"
Trinidad and Tobago,TTO,AMR,High,2017,6.6,0.2,"1,059","10,615","16,095","1,566"
Trinidad and Tobago,TTO,AMR,High,2018,6.5,0.2,"1,056","10,758","16,164","1,589"
Trinidad and Tobago,TTO,AMR,High,2019,6.8,0.2,"1,072","11,004","15,691","1,629"
Trinidad and Tobago,TTO,AMR,High,2020,7.5,0.3,"1,046","10,718","13,872","1,588"
Trinidad and Tobago,TTO,AMR,High,2021,7.0,0.2,"1,125","11,604","16,033","1,717"
United States of America,USA,AMR,High,2010,16.2,0.7,"7,833","2,437,509","48,361","2,437,509"
United States of America,USA,AMR,High,2011,16.1,0.7,"8,022","2,517,791","49,700","2,517,791"
United States of America,USA,AMR,High,2012,16.1,0.7,"8,274","2,620,091","51,331","2,620,091"
United States of America,USA,AMR,High,2013,16.0,0.7,"8,434","2,693,514","52,738","2,693,514"
United States of America,USA,AMR,High,2014,16.2,0.6,"8,828","2,843,069","54,499","2,843,069"
United States of America,USA,AMR,High,2015,16.5,0.6,"9,249","3,002,276","56,086","3,002,276"
United States of America,USA,AMR,High,2016,16.8,0.6,"9,600","3,141,182","57,135","3,141,182"
United States of America,USA,AMR,High,2017,16.8,0.7,"9,903","3,265,863","59,060","3,265,863"
United States of America,USA,AMR,High,2018,16.6,0.7,"10,281","3,414,575","61,820","3,414,575"
United States of America,USA,AMR,High,2019,16.7,0.6,"10,658","3,563,312","63,954","3,563,312"
United States of America,USA,AMR,High,2020,18.8,0.6,"11,758","3,950,149","62,691","3,950,149"
United States of America,USA,AMR,High,2021,17.4,0.6,"12,012","4,048,097","69,185","4,048,097"
United States of America,USA,AMR,High,2022,16.6,0.6,"12,474","4,219,757","75,274","4,219,757"
Uruguay,URY,AMR,High,2010,7.9,0.2,"1,033","69,448","13,053","3,462"
Uruguay,URY,AMR,High,2011,7.9,0.1,"1,232","79,994","15,499","4,142"
Uruguay,URY,AMR,High,2012,8.1,0.2,"1,333","91,253","16,520","4,493"
Uruguay,URY,AMR,High,2013,8.1,0.2,"1,501","103,928","18,484","5,074"
Uruguay,URY,AMR,High,2014,8.1,0.2,"1,480","116,689","18,333","5,020"
Uruguay,URY,AMR,High,2015,8.3,0.2,"1,410","131,146","17,008","4,799"
Uruguay,URY,AMR,High,2016,8.7,0.2,"1,455","149,772","16,766","4,965"
Uruguay,URY,AMR,High,2017,8.8,0.2,"1,656","162,497","18,770","5,667"
Uruguay,URY,AMR,High,2018,9.0,0.2,"1,697","178,690","18,825","5,816"
Uruguay,URY,AMR,High,2019,9.4,0.2,"1,677","202,711","17,860","5,750"
Uruguay,URY,AMR,High,2020,9.1,0.2,"1,427","205,604","15,620","4,894"
Uruguay,URY,AMR,High,2021,9.4,0.2,"1,620","241,800","17,313","5,552"
Afghanistan,AFG,EMR,Low,2010,8.6,0.2,47,"60,995",544,"1,313"
Afghanistan,AFG,EMR,Low,2011,8.6,0.1,52,"71,597",612,"1,532"
Afghanistan,AFG,EMR,Low,2012,7.9,0.1,53,"81,624",666,"1,603"
Afghanistan,AFG,EMR,Low,2013,8.8,0.2,56,"98,347",639,"1,776"
Afghanistan,AFG,EMR,Low,2014,9.5,0.2,60,"112,730",632,"1,969"
Afghanistan,AFG,EMR,Low,2015,10.1,0.2,60,"123,949",594,"2,027"
Afghanistan,AFG,EMR,Low,2017,12.6,0.3,67,"162,236",530,"2,385"
Afghanistan,AFG,EMR,Low,2018,14.2,0.4,71,"188,644",502,"2,617"
Afghanistan,AFG,EMR,Low,2019,14.8,0.3,74,"217,960",501,"2,804"
Afghanistan,AFG,EMR,Low,2020,15.5,0.4,80,"240,350",517,"3,129"
Afghanistan,AFG,EMR,Low,2021,21.8,0.5,81,"269,108",373,"3,261"
Djibouti,DJI,EMR,Lower-middle,2011,3.4,0.4,63,"10,435","1,856",59
Djibouti,DJI,EMR,Lower-middle,2012,3.3,0.8,66,"11,143","1,991",63
Djibouti,DJI,EMR,Lower-middle,2013,2.9,0.2,61,"10,602","2,102",60
Djibouti,DJI,EMR,Lower-middle,2014,3.0,0.4,66,"11,679","2,239",66
Egypt,EGY,EMR,Lower-middle,2012,4.5,0.2,143,"78,883","3,202","13,025"
Egypt,EGY,EMR,Lower-middle,2015,5.1,0.4,174,"130,421","3,428","16,957"
Iran (Islamic Republic of),IRN,EMR,Lower-middle,2010,6.3,0.1,436,"337,088,352","6,932","32,873"
Iran (Islamic Republic of),IRN,EMR,Lower-middle,2011,6.1,0.2,519,"420,509,792","8,509","39,610"
Iran (Islamic Republic of),IRN,EMR,Lower-middle,2012,6.1,0.1,513,"483,401,056","8,387","39,703"
Iran (Islamic Republic of),IRN,EMR,Lower-middle,2013,5.5,0.1,408,"589,946,752","7,361","32,037"
Iran (Islamic Republic of),IRN,EMR,Lower-middle,2014,6.4,0.2,375,"778,467,520","5,908","30,008"
Iraq,IRQ,EMR,Upper-middle,2018,4.1,0.0,231,"11,090,157","5,593","9,377"
Iraq,IRQ,EMR,Upper-middle,2019,4.3,0.0,240,"11,770,052","5,630","9,958"
Iraq,IRQ,EMR,Upper-middle,2021,5.2,0.1,249,"15,712,951","4,744","10,837"
Jordan,JOR,EMR,Upper-middle,2010,8.2,0.6,320,"1,574","3,915","2,217"
Jordan,JOR,EMR,Upper-middle,2011,8.1,0.5,338,"1,708","4,152","2,406"
Jordan,JOR,EMR,Upper-middle,2012,7.8,0.4,343,"1,756","4,387","2,473"
Jordan,JOR,EMR,Upper-middle,2013,7.2,0.4,321,"1,753","4,478","2,469"
Jordan,JOR,EMR,Upper-middle,2014,7.2,0.4,307,"1,886","4,256","2,656"
Jordan,JOR,EMR,Upper-middle,2015,7.5,0.7,303,"2,044","4,064","2,879"
Jordan,JOR,EMR,Upper-middle,2016,7.0,0.6,279,"1,976","4,003","2,783"
Jordan,JOR,EMR,Upper-middle,2017,7.1,0.7,290,"2,100","4,073","2,958"
Jordan,JOR,EMR,Upper-middle,2018,7.0,0.3,290,"2,150","4,146","3,029"
Jordan,JOR,EMR,Upper-middle,2019,7.0,0.3,294,"2,235","4,206","3,147"
Kuwait,KWT,EMR,High,2010,2.7,0.3,"1,050",886,"39,212","3,092"
Kuwait,KWT,EMR,High,2011,2.3,0.2,"1,143",992,"48,998","3,594"
Kuwait,KWT,EMR,High,2012,2.3,0.2,"1,196","1,137","51,271","4,061"
Kuwait,KWT,EMR,High,2013,2.5,0.3,"1,188","1,229","47,763","4,333"
Kuwait,KWT,EMR,High,2014,2.9,0.4,"1,261","1,350","43,240","4,743"
Kuwait,KWT,EMR,High,2015,4.2,0.6,"1,236","1,453","29,315","4,830"
Kuwait,KWT,EMR,High,2016,4.7,0.3,"1,279","1,564","27,027","5,176"
Kuwait,KWT,EMR,High,2017,4.7,0.6,"1,361","1,704","29,259","5,616"
Kuwait,KWT,EMR,High,2018,5.2,0.6,"1,661","2,165","32,012","7,171"
Kuwait,KWT,EMR,High,2019,5.4,0.4,"1,644","2,216","30,666","7,299"
Kuwait,KWT,EMR,High,2020,6.3,0.5,"1,542","2,059","24,298","6,725"
Kuwait,KWT,EMR,High,2021,5.8,0.3,"1,861","2,386","32,187","7,909"
Lebanon,LBN,EMR,Lower-middle,2012,7.0,0.0,595,"4,647,638","8,500","3,083"
Lebanon,LBN,EMR,Lower-middle,2013,7.1,0.0,583,"4,995,066","8,255","3,313"
Lebanon,LBN,EMR,Lower-middle,2014,7.5,0.0,577,"5,454,329","7,665","3,618"
Morocco,MAR,EMR,Lower-middle,2010,5.4,0.2,168,"46,011","3,107","5,466"
Morocco,MAR,EMR,Lower-middle,2011,5.4,0.2,179,"47,660","3,334","5,891"
Morocco,MAR,EMR,Lower-middle,2012,5.4,0.2,172,"49,515","3,189","5,739"
Morocco,MAR,EMR,Lower-middle,2013,5.3,0.1,180,"51,069","3,420","6,076"
Morocco,MAR,EMR,Lower-middle,2014,5.4,0.1,188,"54,241","3,478","6,452"
Morocco,MAR,EMR,Lower-middle,2015,5.1,0.1,163,"55,031","3,184","5,636"
Morocco,MAR,EMR,Lower-middle,2018,4.9,0.2,175,"59,106","3,544","6,297"
Oman,OMN,EMR,High,2010,2.5,0.2,558,619,"22,552","1,609"
Oman,OMN,EMR,High,2011,2.2,0.2,540,666,"24,166","1,733"
Oman,OMN,EMR,High,2012,2.3,0.1,563,765,"24,723","1,990"
Oman,OMN,EMR,High,2013,2.5,0.2,590,866,"23,564","2,253"
Oman,OMN,EMR,High,2014,3.1,0.1,725,"1,118","23,121","2,908"
Oman,OMN,EMR,High,2015,4.1,0.4,766,"1,234","18,777","3,210"
Oman,OMN,EMR,High,2016,4.2,0.1,713,"1,206","17,082","3,137"
Oman,OMN,EMR,High,2017,4.0,0.1,704,"1,229","17,802","3,197"
Oman,OMN,EMR,High,2018,3.2,0.1,639,"1,131","19,888","2,942"
Oman,OMN,EMR,High,2019,3.8,0.1,728,"1,289","19,132","3,352"
Oman,OMN,EMR,High,2020,5.3,0.1,855,"1,494","16,281","3,886"
Oman,OMN,EMR,High,2021,4.4,0.1,853,"1,482","19,510","3,854"
Pakistan,PAK,EMR,Lower-middle,2010,2.4,0.3,24,"401,068","1,010","4,708"
Pakistan,PAK,EMR,Lower-middle,2012,2.2,0.3,26,"496,465","1,195","5,316"
Pakistan,PAK,EMR,Lower-middle,2014,2.5,0.2,33,"695,743","1,345","6,882"
Pakistan,PAK,EMR,Lower-middle,2016,2.6,0.2,38,"841,120","1,463","8,028"
Pakistan,PAK,EMR,Lower-middle,2018,2.8,0.2,41,"1,108,464","1,464","9,099"
Pakistan,PAK,EMR,Lower-middle,2020,3.0,0.1,38,"1,403,740","1,293","8,674"
Qatar,QAT,EMR,High,2011,1.6,0.3,"1,488","9,771","92,993","2,684"
Qatar,QAT,EMR,High,2012,1.7,0.5,"1,714","11,889","98,041","3,266"
Qatar,QAT,EMR,High,2013,2.1,0.4,"2,027","15,019","97,631","4,126"
Qatar,QAT,EMR,High,2014,2.4,0.4,"2,256","18,188","93,126","4,997"
Sudan,SDN,EMR,Low,2013,7.0,0.2,102,"21,875","1,470","3,684"
Sudan,SDN,EMR,Low,2015,5.8,0.3,98,"29,425","1,691","3,750"
Sudan,SDN,EMR,Low,2018,4.5,0.2,36,"60,791",796,"1,492"
Tunisia,TUN,EMR,Lower-middle,2012,6.3,0.4,266,"4,648","4,234","2,976"
Tunisia,TUN,EMR,Lower-middle,2013,6.5,0.3,281,"5,152","4,308","3,171"
Tunisia,TUN,EMR,Lower-middle,2014,6.5,0.2,284,"5,505","4,399","3,243"
Tunisia,TUN,EMR,Lower-middle,2015,6.2,0.2,246,"5,580","3,961","2,844"
United Arab Emirates,ARE,EMR,High,2020,5.8,0.0,"2,192","74,757","37,629","20,356"
United Arab Emirates,ARE,EMR,High,2021,5.3,0.0,"2,352","80,887","44,316","22,025"
Albania,ALB,EUR,Upper-middle,2010,6.2,0.4,255,"77,313","4,094",744
Albania,ALB,EUR,Upper-middle,2011,6.2,0.3,275,"80,417","4,444",797
Albania,ALB,EUR,Upper-middle,2012,6.2,0.2,262,"82,067","4,260",759
Albania,ALB,EUR,Upper-middle,2013,6.3,0.1,278,"84,822","4,425",803
Albania,ALB,EUR,Upper-middle,2014,6.4,0.1,295,"89,781","4,587",851
Albania,ALB,EUR,Upper-middle,2015,6.5,0.2,255,"92,715","3,950",736
Albania,ALB,EUR,Upper-middle,2016,6.7,0.1,277,"99,088","4,117",798
Albania,ALB,EUR,Upper-middle,2017,6.6,0.1,297,"102,009","4,522",856
Albania,ALB,EUR,Upper-middle,2018,6.7,0.2,351,"109,144","5,268","1,011"
Albania,ALB,EUR,Upper-middle,2019,6.9,0.2,368,"116,101","5,359","1,057"
Albania,ALB,EUR,Upper-middle,2020,7.5,0.2,397,"123,621","5,278","1,138"
Albania,ALB,EUR,Upper-middle,2021,7.3,0.2,465,"137,341","6,395","1,327"
Andorra,AND,EUR,High,2010,7.7,0.1,"3,699",200,"48,191",265
Andorra,AND,EUR,High,2011,7.6,0.1,"3,914",199,"51,361",276
Andorra,AND,EUR,High,2012,6.7,0.1,"3,014",167,"44,905",214
Andorra,AND,EUR,High,2013,6.8,0.0,"3,042",164,"44,735",217
Andorra,AND,EUR,High,2014,6.8,0.1,"3,090",167,"45,619",221
Andorra,AND,EUR,High,2015,6.9,0.1,"2,688",174,"38,870",193
Andorra,AND,EUR,High,2016,6.9,0.1,"2,755",181,"39,904",200
Andorra,AND,EUR,High,2017,7.1,0.1,"2,873",188,"40,632",212
Andorra,AND,EUR,High,2018,7.4,0.1,"3,164",201,"42,905",237
Andorra,AND,EUR,High,2019,7.3,0.1,"3,027",206,"41,329",231
Armenia,ARM,EUR,Upper-middle,2010,9.2,0.2,290,"319,563","3,143",855
Armenia,ARM,EUR,Upper-middle,2011,9.4,0.2,325,"354,216","3,463",951
Armenia,ARM,EUR,Upper-middle,2012,9.1,0.1,333,"389,722","3,644",970
Armenia,ARM,EUR,Upper-middle,2013,10.3,0.0,396,"470,299","3,833","1,148"
Armenia,ARM,EUR,Upper-middle,2014,10.2,0.1,409,"491,471","4,017","1,182"
Armenia,ARM,EUR,Upper-middle,2015,10.1,0.1,371,"510,296","3,666","1,068"
Armenia,ARM,EUR,Upper-middle,2016,10.0,0.1,366,"504,295","3,680","1,050"
Armenia,ARM,EUR,Upper-middle,2017,10.4,0.1,419,"576,632","4,042","1,195"
Armenia,ARM,EUR,Upper-middle,2018,10.0,0.0,439,"602,030","4,392","1,246"
Armenia,ARM,EUR,Upper-middle,2019,11.4,0.0,549,"744,617","4,829","1,550"
Armenia,ARM,EUR,Upper-middle,2020,12.2,0.1,552,"756,700","4,506","1,547"
Armenia,ARM,EUR,Upper-middle,2021,12.3,0.0,613,"861,575","4,967","1,710"
Azerbaijan,AZE,EUR,Upper-middle,2010,2.7,0.4,152,"1,124","5,727","1,400"
Azerbaijan,AZE,EUR,Upper-middle,2011,2.6,0.2,183,"1,352","7,047","1,712"
Azerbaijan,AZE,EUR,Upper-middle,2012,3.2,0.3,232,"1,728","7,346","2,200"
Azerbaijan,AZE,EUR,Upper-middle,2013,3.2,0.2,249,"1,877","7,713","2,392"
Azerbaijan,AZE,EUR,Upper-middle,2014,3.6,0.3,277,"2,117","7,723","2,699"
Azerbaijan,AZE,EUR,Upper-middle,2015,4.3,0.2,234,"2,361","5,381","2,304"
Azerbaijan,AZE,EUR,Upper-middle,2016,4.4,0.2,168,"2,672","3,796","1,675"
Azerbaijan,AZE,EUR,Upper-middle,2017,4.1,0.1,165,"2,866","4,058","1,665"
Azerbaijan,AZE,EUR,Upper-middle,2018,3.8,0.2,178,"3,073","4,640","1,808"
Azerbaijan,AZE,EUR,Upper-middle,2019,4.2,0.2,197,"3,425","4,708","2,015"
Belarus,BLR,EUR,Upper-middle,2010,5.7,0.7,333,964,"5,881","3,238"
Belarus,BLR,EUR,Upper-middle,2011,4.9,0.6,310,"1,498","6,363","3,011"
Belarus,BLR,EUR,Upper-middle,2012,5.3,0.6,355,"2,872","6,776","3,445"
Belarus,BLR,EUR,Upper-middle,2013,5.7,0.3,444,"3,820","7,793","4,302"
Belarus,BLR,EUR,Upper-middle,2014,5.4,0.3,438,"4,342","8,130","4,246"
Belarus,BLR,EUR,Upper-middle,2015,6.1,1.8,353,"5,453","5,820","3,424"
Belarus,BLR,EUR,Upper-middle,2016,5.9,0.3,291,"5,612","4,916","2,821"
Belarus,BLR,EUR,Upper-middle,2017,5.8,0.2,325,"6,091","5,637","3,152"
Belarus,BLR,EUR,Upper-middle,2018,5.5,0.1,342,"6,761","6,192","3,318"
Belarus,BLR,EUR,Upper-middle,2019,5.9,0.1,390,"7,897","6,658","3,775"
Belarus,BLR,EUR,Upper-middle,2021,6.6,0.2,468,"11,368","7,121","4,478"
Georgia,GEO,EUR,Upper-middle,2010,9.1,0.4,290,"1,980","3,191","1,111"
Georgia,GEO,EUR,Upper-middle,2011,8.0,1.2,317,"2,042","3,953","1,211"
Georgia,GEO,EUR,Upper-middle,2012,8.1,0.4,349,"2,191","4,334","1,327"
Georgia,GEO,EUR,Upper-middle,2013,7.9,0.3,358,"2,254","4,540","1,355"
Georgia,GEO,EUR,Upper-middle,2014,7.9,0.3,369,"2,460","4,670","1,393"
Georgia,GEO,EUR,Upper-middle,2015,7.4,0.5,294,"2,519","3,965","1,110"
Georgia,GEO,EUR,Upper-middle,2016,8.0,0.3,321,"2,866","4,015","1,211"
Georgia,GEO,EUR,Upper-middle,2018,7.1,0.1,332,"3,172","4,665","1,252"
Georgia,GEO,EUR,Upper-middle,2019,6.7,0.1,309,"3,279","4,635","1,164"
Kyrgyzstan,KGZ,EUR,Lower-middle,2010,7.0,0.0,61,"15,316",874,333
Kyrgyzstan,KGZ,EUR,Lower-middle,2011,7.1,0.0,79,"20,326","1,116",440
Kyrgyzstan,KGZ,EUR,Lower-middle,2012,8.5,0.0,100,"26,420","1,173",562
Kyrgyzstan,KGZ,EUR,Lower-middle,2013,8.2,0.0,105,"29,090","1,282",601
Kyrgyzstan,KGZ,EUR,Lower-middle,2014,7.4,0.0,95,"29,482","1,284",549
Kyrgyzstan,KGZ,EUR,Lower-middle,2015,7.2,0.2,81,"30,777","1,129",477
Kyrgyzstan,KGZ,EUR,Lower-middle,2016,6.4,0.2,73,"30,545","1,132",437
Kyrgyzstan,KGZ,EUR,Lower-middle,2017,6.2,0.2,78,"32,815","1,258",476
Kyrgyzstan,KGZ,EUR,Lower-middle,2018,5.0,0.3,67,"28,528","1,329",414
Kyrgyzstan,KGZ,EUR,Lower-middle,2019,4.5,0.3,63,"27,826","1,403",399
Monaco,MCO,EUR,High,2010,5.0,0.1,"8,013",201,"161,621",266
Monaco,MCO,EUR,High,2011,4.6,0.1,"8,303",203,"179,135",282
Monaco,MCO,EUR,High,2012,4.8,0.1,"7,871",213,"165,506",273
Monaco,MCO,EUR,High,2013,4.6,0.1,"8,461",226,"184,999",300
Monaco,MCO,EUR,High,2014,4.4,0.1,"8,682",236,"195,511",314
Monaco,MCO,EUR,High,2015,4.3,0.1,"7,348",244,"170,270",270
Montenegro,MNE,EUR,Upper-middle,2011,8.0,0.1,572,260,"7,186",362
Montenegro,MNE,EUR,Upper-middle,2012,8.3,0.1,536,264,"6,456",339
Montenegro,MNE,EUR,Upper-middle,2013,8.5,0.1,596,285,"7,041",378
Montenegro,MNE,EUR,Upper-middle,2014,8.0,0.0,579,277,"7,233",367
Montenegro,MNE,EUR,Upper-middle,2015,9.0,0.0,577,330,"6,394",366
Montenegro,MNE,EUR,Upper-middle,2016,8.6,0.1,596,341,"6,907",378
Montenegro,MNE,EUR,Upper-middle,2017,8.0,0.1,612,343,"7,661",387
Montenegro,MNE,EUR,Upper-middle,2018,8.3,0.1,727,389,"8,716",459
Montenegro,MNE,EUR,Upper-middle,2019,8.3,0.1,732,412,"8,792",462
Montenegro,MNE,EUR,Upper-middle,2020,11.4,0.2,866,478,"7,583",545
Montenegro,MNE,EUR,Upper-middle,2021,10.6,0.1,985,523,"9,335",618
North Macedonia,MKD,EUR,Upper-middle,2010,6.7,0.3,302,"29,359","4,496",632
North Macedonia,MKD,EUR,Upper-middle,2011,6.5,0.4,326,"30,260","5,002",684
North Macedonia,MKD,EUR,Upper-middle,2012,6.6,0.6,307,"30,871","4,642",645
North Macedonia,MKD,EUR,Upper-middle,2013,6.7,0.5,346,"33,723","5,147",727
North Macedonia,MKD,EUR,Upper-middle,2014,6.3,0.4,339,"33,188","5,396",715
North Macedonia,MKD,EUR,Upper-middle,2015,6.3,0.3,303,"35,450","4,773",638
North Macedonia,MKD,EUR,Upper-middle,2016,6.4,0.3,323,"37,944","5,062",681
North Macedonia,MKD,EUR,Upper-middle,2017,6.4,0.2,345,"39,800","5,357",728
North Macedonia,MKD,EUR,Upper-middle,2018,6.5,0.1,387,"42,673","6,001",819
North Macedonia,MKD,EUR,Upper-middle,2019,7.1,0.1,421,"48,949","5,963",891
North Macedonia,MKD,EUR,Upper-middle,2020,7.7,0.1,453,"51,750","5,858",956
North Macedonia,MKD,EUR,Upper-middle,2021,8.5,0.1,560,"61,408","6,573","1,179"
Republic of Moldova,MDA,EUR,Upper-middle,2010,10.1,0.5,198,"8,741","1,957",707
Republic of Moldova,MDA,EUR,Upper-middle,2011,9.1,0.2,215,"8,985","2,363",765
Republic of Moldova,MDA,EUR,Upper-middle,2012,9.1,0.4,224,"9,640","2,447",796
Republic of Moldova,MDA,EUR,Upper-middle,2013,8.7,0.5,232,"10,379","2,668",825
Republic of Moldova,MDA,EUR,Upper-middle,2014,8.6,0.9,231,"11,523","2,673",821
Republic of Moldova,MDA,EUR,Upper-middle,2015,8.6,0.4,186,"12,473","2,179",663
Republic of Moldova,MDA,EUR,Upper-middle,2016,7.5,0.7,171,"12,118","2,272",608
Republic of Moldova,MDA,EUR,Upper-middle,2017,7.1,0.6,244,"12,545","3,422",678
Republic of Moldova,MDA,EUR,Upper-middle,2018,6.7,0.5,276,"12,682","4,122",755
Republic of Moldova,MDA,EUR,Upper-middle,2021,7.8,0.3,410,"18,759","5,293","1,061"
San Marino,SMR,EUR,High,2011,8.1,0.5,"4,505",105,"55,814",146
San Marino,SMR,EUR,High,2012,9.0,0.4,"4,354",112,"48,434",144
San Marino,SMR,EUR,High,2013,8.2,0.3,"4,155",104,"50,436",138
San Marino,SMR,EUR,High,2014,8.3,0.2,"4,161",105,"50,133",139
San Marino,SMR,EUR,High,2015,8.4,0.2,"3,565",108,"42,272",120
San Marino,SMR,EUR,High,2016,8.4,0.2,"3,656",112,"43,414",124
San Marino,SMR,EUR,High,2017,8.3,0.1,"3,707",112,"44,880",126
San Marino,SMR,EUR,High,2018,8.3,0.2,"4,013",116,"48,475",137
San Marino,SMR,EUR,High,2019,8.1,0.2,"3,854",118,"47,301",132
San Marino,SMR,EUR,High,2020,8.5,0.2,"3,843",115,"45,308",131
San Marino,SMR,EUR,High,2021,8.0,0.1,"4,132",118,"51,809",139
Serbia,SRB,EUR,Upper-middle,2010,9.5,0.2,545,"309,693","5,724","3,985"
Serbia,SRB,EUR,Upper-middle,2011,9.1,0.2,619,"329,215","6,791","4,488"
Serbia,SRB,EUR,Upper-middle,2012,9.3,0.2,560,"355,410","6,002","4,041"
Serbia,SRB,EUR,Upper-middle,2013,9.3,0.3,628,"383,780","6,739","4,507"
Serbia,SRB,EUR,Upper-middle,2014,9.2,0.4,609,"384,684","6,585","4,351"
Serbia,SRB,EUR,Upper-middle,2015,8.8,0.3,491,"380,291","5,574","3,495"
Serbia,SRB,EUR,Upper-middle,2016,8.5,0.3,486,"383,036","5,750","3,442"
Serbia,SRB,EUR,Upper-middle,2017,8.2,0.3,516,"391,347","6,275","3,632"
Serbia,SRB,EUR,Upper-middle,2018,8.5,0.3,617,"432,806","7,233","4,320"
Tajikistan,TJK,EUR,Lower-middle,2010,5.7,0.4,42,"1,417",740,324
Tajikistan,TJK,EUR,Lower-middle,2011,5.9,0.3,49,"1,762",838,382
Tajikistan,TJK,EUR,Lower-middle,2012,6.0,0.5,57,"2,163",959,457
Tajikistan,TJK,EUR,Lower-middle,2013,6.5,0.2,68,"2,647","1,045",556
Tajikistan,TJK,EUR,Lower-middle,2014,6.7,0.3,74,"3,040","1,109",616
Tajikistan,TJK,EUR,Lower-middle,2015,6.9,0.3,64,"3,343",921,542
Tajikistan,TJK,EUR,Lower-middle,2016,7.0,0.1,56,"3,815",801,487
Tajikistan,TJK,EUR,Lower-middle,2017,6.9,0.1,58,"4,416",844,517
Tajikistan,TJK,EUR,Lower-middle,2018,7.0,0.2,60,"4,984",851,545
Tajikistan,TJK,EUR,Lower-middle,2019,7.0,0.1,62,"5,496",889,577
Tajikistan,TJK,EUR,Lower-middle,2020,8.2,0.7,70,"6,865",852,665
Turkmenistan,TKM,EUR,Upper-middle,2010,3.2,0.0,214,"3,216","6,604","1,128"
Ukraine,UKR,EUR,Lower-middle,2010,6.8,0.3,203,"73,545","2,977","9,268"
Ukraine,UKR,EUR,Lower-middle,2011,6.8,0.3,244,"88,616","3,585","11,122"
Ukraine,UKR,EUR,Lower-middle,2012,7.1,0.3,276,"99,983","3,871","12,512"
Ukraine,UKR,EUR,Lower-middle,2013,6.9,0.3,281,"101,737","4,046","12,728"
Ukraine,UKR,EUR,Lower-middle,2014,7.2,0.1,213,"114,180","2,957","9,606"
Ukraine,UKR,EUR,Lower-middle,2015,7.8,0.4,158,"154,779","2,024","7,085"
Ukraine,UKR,EUR,Lower-middle,2016,7.6,0.3,157,"180,144","2,082","7,050"
Ukraine,UKR,EUR,Lower-middle,2017,7.4,0.3,187,"221,985","2,511","8,346"
Ukraine,UKR,EUR,Lower-middle,2018,7.5,0.3,221,"267,753","2,945","9,844"
Ukraine,UKR,EUR,Lower-middle,2019,7.1,0.3,247,"282,138","3,481","10,916"
Ukraine,UKR,EUR,Lower-middle,2020,7.6,1.2,270,"319,277","3,567","11,844"
Uzbekistan,UZB,EUR,Lower-middle,2010,5.3,0.0,92,"4,183,158","1,739","2,636"
Uzbekistan,UZB,EUR,Lower-middle,2011,5.3,0.0,109,"5,432,568","2,071","3,167"
Uzbekistan,UZB,EUR,Lower-middle,2012,5.6,0.0,127,"7,078,989","2,287","3,744"
Uzbekistan,UZB,EUR,Lower-middle,2013,5.7,0.0,140,"8,767,823","2,441","4,182"
Uzbekistan,UZB,EUR,Lower-middle,2014,4.4,0.0,118,"8,278,273","2,653","3,580"
Uzbekistan,UZB,EUR,Lower-middle,2015,4.7,0.0,132,"10,483,103","2,782","4,078"
Uzbekistan,UZB,EUR,Lower-middle,2016,4.7,0.3,129,"12,043,255","2,739","4,061"
Uzbekistan,UZB,EUR,Lower-middle,2017,4.8,0.3,93,"15,359,188","1,923","2,972"
Uzbekistan,UZB,EUR,Lower-middle,2018,5.1,0.4,82,"21,563,590","1,622","2,672"
Uzbekistan,UZB,EUR,Lower-middle,2019,5.4,0.1,99,"28,753,040","1,815","3,251"
Uzbekistan,UZB,EUR,Lower-middle,2020,6.8,0.1,121,"40,656,639","1,785","4,040"
Uzbekistan,UZB,EUR,Lower-middle,2021,7.7,0.1,157,"56,842,065","2,031","5,357"
Bangladesh,BGD,SEAR,Lower-middle,2010,2.3,0.3,21,"218,599",924,"3,139"
Bangladesh,BGD,SEAR,Lower-middle,2011,2.4,0.2,23,"259,371",985,"3,498"
Bangladesh,BGD,SEAR,Lower-middle,2012,2.4,0.2,24,"297,529","1,015","3,634"
Bangladesh,BGD,SEAR,Lower-middle,2013,2.3,0.2,27,"329,716","1,194","4,222"
Bangladesh,BGD,SEAR,Lower-middle,2014,2.3,0.1,30,"366,853","1,329","4,725"
Bangladesh,BGD,SEAR,Lower-middle,2015,2.3,0.2,34,"412,582","1,476","5,293"
Bangladesh,BGD,SEAR,Lower-middle,2016,2.4,0.1,40,"495,993","1,656","6,321"
Bangladesh,BGD,SEAR,Lower-middle,2017,2.4,0.0,42,"550,210","1,786","6,840"
Bhutan,BTN,SEAR,Lower-middle,2010,3.6,1.2,72,"2,322","2,023",51
Bhutan,BTN,SEAR,Lower-middle,2011,3.3,1.0,77,"2,574","2,309",55
Bhutan,BTN,SEAR,Lower-middle,2012,3.6,0.8,84,"3,223","2,311",60
Bhutan,BTN,SEAR,Lower-middle,2013,3.7,1.2,86,"3,673","2,319",63
Bhutan,BTN,SEAR,Lower-middle,2014,3.6,0.9,87,"3,901","2,440",64
Bhutan,BTN,SEAR,Lower-middle,2015,3.8,0.6,97,"4,602","2,569",72
Bhutan,BTN,SEAR,Lower-middle,2016,3.6,0.7,97,"4,896","2,718",73
Bhutan,BTN,SEAR,Lower-middle,2017,3.3,0.9,103,"5,091","3,095",78
Bhutan,BTN,SEAR,Lower-middle,2018,3.2,0.9,102,"5,301","3,136",78
Bhutan,BTN,SEAR,Lower-middle,2019,3.6,0.6,115,"6,232","3,200",89
Bhutan,BTN,SEAR,Lower-middle,2020,4.4,0.6,134,"7,653","3,065",103
Bhutan,BTN,SEAR,Lower-middle,2021,3.8,1.6,120,"6,923","3,132",94
India,IND,SEAR,Lower-middle,2010,3.3,0.2,45,"2,547,057","1,372","55,703"
India,IND,SEAR,Lower-middle,2011,3.3,0.2,48,"2,836,112","1,488","60,769"
India,IND,SEAR,Lower-middle,2012,3.3,0.2,49,"3,310,712","1,460","61,955"
India,IND,SEAR,Lower-middle,2013,3.8,0.3,56,"4,211,943","1,485","71,879"
India,IND,SEAR,Lower-middle,2014,3.6,0.3,57,"4,512,860","1,563","73,946"
India,IND,SEAR,Lower-middle,2015,3.6,0.2,58,"4,951,897","1,623","77,190"
India,IND,SEAR,Lower-middle,2016,3.5,0.3,60,"5,393,709","1,711","80,269"
India,IND,SEAR,Lower-middle,2017,2.9,0.4,57,"5,017,596","1,938","77,050"
India,IND,SEAR,Lower-middle,2018,2.9,0.3,58,"5,402,459","2,019","78,995"
India,IND,SEAR,Lower-middle,2019,3.0,0.3,61,"5,936,586","2,064","84,302"
India,IND,SEAR,Lower-middle,2020,3.3,0.4,64,"6,625,568","1,916","89,414"
Indonesia,IDN,SEAR,Lower-middle,2010,2.8,0.1,86,"191,569,600","3,094","21,074"
Indonesia,IDN,SEAR,Lower-middle,2011,3.0,0.1,108,"234,123,568","3,614","26,695"
Indonesia,IDN,SEAR,Lower-middle,2012,2.9,0.1,107,"251,084,960","3,668","26,749"
Indonesia,IDN,SEAR,Lower-middle,2013,2.9,0.1,103,"273,911,808","3,603","26,183"
Indonesia,IDN,SEAR,Lower-middle,2014,3.0,0.1,103,"313,321,568","3,477","26,407"
Indonesia,IDN,SEAR,Lower-middle,2015,2.9,0.2,97,"337,062,848","3,323","25,174"
Indonesia,IDN,SEAR,Lower-middle,2016,3.0,0.2,108,"374,714,752","3,559","28,156"
Indonesia,IDN,SEAR,Lower-middle,2017,2.9,0.2,112,"394,671,904","3,840","29,495"
Indonesia,IDN,SEAR,Lower-middle,2018,2.9,0.2,112,"425,512,928","3,903","29,888"
Maldives,MDV,SEAR,Upper-middle,2010,8.5,0.2,608,"2,812","7,158",220
Maldives,MDV,SEAR,Upper-middle,2011,7.9,0.0,587,"3,209","7,409",220
Maldives,MDV,SEAR,Upper-middle,2012,8.7,0.0,646,"3,846","7,447",250
Maldives,MDV,SEAR,Upper-middle,2013,8.2,0.0,671,"4,129","8,222",269
Maldives,MDV,SEAR,Upper-middle,2014,7.9,0.1,702,"4,500","8,872",293
Maldives,MDV,SEAR,Upper-middle,2015,8.7,0.5,823,"5,510","9,434",359
Maldives,MDV,SEAR,Upper-middle,2016,10.3,1.4,993,"6,936","9,640",451
Maldives,MDV,SEAR,Upper-middle,2017,9.3,2.0,933,"6,781","10,063",441
Maldives,MDV,SEAR,Upper-middle,2018,7.4,1.5,805,"6,067","10,824",394
Maldives,MDV,SEAR,Upper-middle,2019,7.7,1.3,852,"6,608","11,115",430
Maldives,MDV,SEAR,Upper-middle,2020,11.4,1.9,826,"6,532","7,276",425
Myanmar,MMR,SEAR,Lower-middle,2010,2.0,0.1,20,"725,943","1,027",992
Myanmar,MMR,SEAR,Lower-middle,2011,1.9,0.1,27,"826,182","1,412","1,354"
Myanmar,MMR,SEAR,Lower-middle,2012,2.4,0.4,37,"1,189,519","1,534","1,857"
Myanmar,MMR,SEAR,Lower-middle,2013,3.2,0.4,37,"1,768,356","1,168","1,894"
Myanmar,MMR,SEAR,Lower-middle,2014,4.4,0.5,54,"2,707,991","1,226","2,751"
Myanmar,MMR,SEAR,Lower-middle,2015,5.5,0.5,63,"3,779,032","1,153","3,250"
Myanmar,MMR,SEAR,Lower-middle,2016,5.1,0.4,59,"3,795,022","1,158","3,073"
Myanmar,MMR,SEAR,Lower-middle,2017,5.1,0.4,59,"4,201,705","1,163","3,089"
Myanmar,MMR,SEAR,Lower-middle,2018,4.9,0.3,60,"4,546,586","1,232","3,180"
Myanmar,MMR,SEAR,Lower-middle,2019,4.7,0.1,62,"4,958,328","1,307","3,266"
Myanmar,MMR,SEAR,Lower-middle,2020,4.6,0.1,72,"5,316,959","1,559","3,848"
Myanmar,MMR,SEAR,Lower-middle,2021,5.6,0.0,65,"5,555,560","1,158","3,509"
Nepal,NPL,SEAR,Lower-middle,2010,4.4,0.3,30,"59,338",684,810
Nepal,NPL,SEAR,Lower-middle,2011,4.5,0.3,34,"69,420",772,938
Nepal,NPL,SEAR,Lower-middle,2012,4.5,0.3,34,"78,965",755,927
Nepal,NPL,SEAR,Lower-middle,2013,4.6,0.4,35,"90,255",765,970
Nepal,NPL,SEAR,Lower-middle,2014,5.1,0.3,42,"113,312",833,"1,162"
Nepal,NPL,SEAR,Lower-middle,2015,5.5,0.3,47,"132,480",857,"1,294"
Nepal,NPL,SEAR,Lower-middle,2016,5.4,0.4,47,"141,462",872,"1,317"
Nepal,NPL,SEAR,Lower-middle,2017,4.7,0.5,49,"145,295","1,045","1,390"
Nepal,NPL,SEAR,Lower-middle,2018,4.5,0.4,50,"156,501","1,113","1,437"
Nepal,NPL,SEAR,Lower-middle,2019,4.5,0.3,53,"171,539","1,189","1,523"
Nepal,NPL,SEAR,Lower-middle,2020,5.2,0.5,58,"202,528","1,120","1,711"
Nepal,NPL,SEAR,Lower-middle,2021,5.4,0.7,65,"231,701","1,206","1,961"
Sri Lanka,LKA,SEAR,Lower-middle,2010,3.7,0.3,106,"248,046","2,837","2,194"
Sri Lanka,LKA,SEAR,Lower-middle,2011,3.6,0.2,116,"268,330","3,248","2,427"
Sri Lanka,LKA,SEAR,Lower-middle,2012,3.3,0.2,111,"297,240","3,352","2,329"
Sri Lanka,LKA,SEAR,Lower-middle,2013,3.7,0.3,135,"367,090","3,644","2,844"
Sri Lanka,LKA,SEAR,Lower-middle,2014,3.5,0.3,135,"373,673","3,886","2,862"
Sri Lanka,LKA,SEAR,Lower-middle,2015,3.7,0.3,147,"425,970","3,990","3,135"
Sri Lanka,LKA,SEAR,Lower-middle,2016,3.6,0.4,149,"463,559","4,108","3,184"
Sri Lanka,LKA,SEAR,Lower-middle,2017,3.3,0.3,146,"479,232","4,388","3,144"
Sri Lanka,LKA,SEAR,Lower-middle,2018,3.6,0.3,159,"559,100","4,379","3,441"
Thailand,THA,SEAR,Upper-middle,2010,3.4,0.2,169,"366,407","4,996","11,564"
Thailand,THA,SEAR,Upper-middle,2011,3.6,0.3,193,"403,459","5,397","13,232"
Thailand,THA,SEAR,Upper-middle,2012,3.5,0.3,203,"435,342","5,749","14,006"
Thailand,THA,SEAR,Upper-middle,2013,3.5,0.2,209,"445,978","6,041","14,515"
Thailand,THA,SEAR,Upper-middle,2014,3.7,0.2,215,"487,468","5,822","15,008"
Thailand,THA,SEAR,Upper-middle,2015,3.9,0.2,220,"529,438","5,709","15,459"
Thailand,THA,SEAR,Upper-middle,2016,3.9,0.3,231,"574,714","5,854","16,283"
Thailand,THA,SEAR,Upper-middle,2017,3.9,0.2,248,"596,742","6,437","17,582"
Thailand,THA,SEAR,Upper-middle,2018,3.9,0.2,276,"633,535","7,123","19,608"
Timor-Leste,TLS,SEAR,Lower-middle,2010,6.5,0.6,52,57,810,57
Timor-Leste,TLS,SEAR,Lower-middle,2011,6.9,0.2,64,72,936,72
Timor-Leste,TLS,SEAR,Lower-middle,2012,7.0,0.3,71,81,"1,020",81
Timor-Leste,TLS,SEAR,Lower-middle,2013,8.5,0.9,103,119,"1,202",119
Timor-Leste,TLS,SEAR,Lower-middle,2014,7.6,0.4,93,110,"1,221",110
Timor-Leste,TLS,SEAR,Lower-middle,2015,7.7,0.7,101,122,"1,322",122
Timor-Leste,TLS,SEAR,Lower-middle,2016,6.9,0.7,93,114,"1,348",114
Timor-Leste,TLS,SEAR,Lower-middle,2017,6.8,0.5,87,108,"1,284",108
Brunei Darussalam,BRN,WPR,High,2010,2.3,0.2,789,426,"34,610",312
Brunei Darussalam,BRN,WPR,High,2011,1.9,0.1,860,434,"46,139",345
Brunei Darussalam,BRN,WPR,High,2012,1.9,0.1,867,441,"46,844",353
Brunei Darussalam,BRN,WPR,High,2013,1.9,0.1,834,430,"43,950",343
Brunei Darussalam,BRN,WPR,High,2014,1.9,0.1,786,415,"41,037",327
Brunei Darussalam,BRN,WPR,High,2015,2.4,0.1,732,424,"30,681",309
Brunei Darussalam,BRN,WPR,High,2016,2.5,0.2,682,401,"26,762",291
Brunei Darussalam,BRN,WPR,High,2017,2.3,0.2,640,380,"28,187",275
Brunei Darussalam,BRN,WPR,High,2018,2.4,0.1,754,442,"31,241",327
Brunei Darussalam,BRN,WPR,High,2019,2.2,0.1,675,403,"30,748",296
Cambodia,KHM,WPR,Lower-middle,2010,6.9,1.1,54,"3,251,816",783,777
Cambodia,KHM,WPR,Lower-middle,2011,7.5,0.3,66,"3,906,991",880,963
Cambodia,KHM,WPR,Lower-middle,2012,7.3,0.2,69,"4,115,736",950,"1,021"
Cambodia,KHM,WPR,Lower-middle,2013,7.1,0.1,72,"4,356,584","1,015","1,082"
Cambodia,KHM,WPR,Lower-middle,2014,6.7,0.0,74,"4,519,329","1,098","1,119"
Cambodia,KHM,WPR,Lower-middle,2015,6.2,0.1,73,"4,548,034","1,171","1,118"
Cambodia,KHM,WPR,Lower-middle,2016,6.1,0.1,78,"4,969,147","1,281","1,224"
Cambodia,KHM,WPR,Lower-middle,2017,5.7,0.0,79,"5,076,555","1,401","1,253"
Cambodia,KHM,WPR,Lower-middle,2018,6.1,0.0,93,"6,038,656","1,533","1,491"
Cambodia,KHM,WPR,Lower-middle,2019,6.8,0.1,114,"7,535,662","1,671","1,856"
China,CHN,WPR,Upper-middle,2010,4.2,0.4,189,"1,728,257","4,475","255,272"
China,CHN,WPR,Upper-middle,2011,4.3,0.4,240,"2,102,363","5,521","325,370"
China,CHN,WPR,Upper-middle,2012,4.6,0.4,285,"2,461,174","6,249","389,899"
China,CHN,WPR,Upper-middle,2013,4.7,0.4,330,"2,811,709","6,994","453,812"
China,CHN,WPR,Upper-middle,2014,4.8,0.5,363,"3,089,145","7,598","502,837"
China,CHN,WPR,Upper-middle,2015,4.9,0.6,394,"3,417,752","7,974","548,817"
China,CHN,WPR,Upper-middle,2016,5.0,0.6,399,"3,714,652","8,009","559,058"
China,CHN,WPR,Upper-middle,2017,5.1,0.6,441,"4,199,562","8,697","621,351"
China,CHN,WPR,Upper-middle,2018,5.2,0.6,505,"4,732,635","9,768","715,336"
China,CHN,WPR,Upper-middle,2019,5.4,0.6,540,"5,300,566","10,086","767,266"
China,CHN,WPR,Upper-middle,2020,5.6,0.6,583,"5,736,952","10,430","831,350"
Cook Islands,COK,WPR,High,2012,3.1,0.3,517,11,"16,633",9
Cook Islands,COK,WPR,High,2013,3.3,0.3,531,12,"16,143",10
Cook Islands,COK,WPR,High,2014,3.3,0.0,590,13,"17,931",11
Cook Islands,COK,WPR,High,2015,2.9,0.1,491,12,"17,076",9
Cook Islands,COK,WPR,High,2016,3.0,0.0,528,13,"17,660",9
Cook Islands,COK,WPR,High,2017,2.8,0.1,556,14,"19,868",10
Cook Islands,COK,WPR,High,2018,2.7,0.4,558,14,"21,024",10
Cook Islands,COK,WPR,High,2019,2.8,0.3,575,15,"20,853",10
Cook Islands,COK,WPR,High,2020,3.6,0.4,607,16,"16,642",10
Cook Islands,COK,WPR,High,2021,3.8,0.8,737,18,"19,264",13
Fiji,FJI,WPR,Upper-middle,2010,3.4,0.2,128,223,"3,758",116
Fiji,FJI,WPR,Upper-middle,2011,3.1,0.2,142,230,"4,507",129
Fiji,FJI,WPR,Upper-middle,2012,3.3,0.2,154,251,"4,723",141
Fiji,FJI,WPR,Upper-middle,2013,3.2,0.3,159,267,"4,969",145
Fiji,FJI,WPR,Upper-middle,2014,3.4,0.4,179,309,"5,305",164
Fiji,FJI,WPR,Upper-middle,2015,3.3,0.4,170,327,"5,105",156
Fiji,FJI,WPR,Upper-middle,2016,3.3,0.4,176,339,"5,368",162
Fiji,FJI,WPR,Upper-middle,2017,3.2,0.3,186,353,"5,825",171
Fiji,FJI,WPR,Upper-middle,2018,4.1,0.4,249,478,"6,074",229
Kiribati,KIR,WPR,Lower-middle,2010,9.3,1.7,134,16,"1,435",14
Kiribati,KIR,WPR,Lower-middle,2011,8.7,1.6,143,15,"1,643",16
Kiribati,KIR,WPR,Lower-middle,2012,8.7,2.5,147,16,"1,698",16
Kiribati,KIR,WPR,Lower-middle,2013,9.5,2.3,155,18,"1,627",18
Kiribati,KIR,WPR,Lower-middle,2014,10.1,1.7,156,20,"1,544",18
Kiribati,KIR,WPR,Lower-middle,2015,8.1,1.9,118,18,"1,461",14
Kiribati,KIR,WPR,Lower-middle,2016,10.5,0.1,158,25,"1,505",19
Kiribati,KIR,WPR,Lower-middle,2017,11.5,0.3,179,28,"1,566",22
Kiribati,KIR,WPR,Lower-middle,2018,13.0,0.4,208,34,"1,607",25
Kiribati,KIR,WPR,Lower-middle,2019,12.6,0.0,177,32,"1,410",22
Kiribati,KIR,WPR,Lower-middle,2020,17.0,5.7,239,44,"1,404",30
Kiribati,KIR,WPR,Lower-middle,2021,14.8,0.8,262,45,"1,766",34
Lao People's Democratic Republic,LAO,WPR,Lower-middle,2010,2.9,0.3,35,"1,805,068","1,188",219
Lao People's Democratic Republic,LAO,WPR,Lower-middle,2011,1.9,0.2,27,"1,399,350","1,397",174
Lao People's Democratic Republic,LAO,WPR,Lower-middle,2012,2.1,0.2,33,"1,694,527","1,566",212
Lao People's Democratic Republic,LAO,WPR,Lower-middle,2013,2.4,0.1,44,"2,252,681","1,815",288
Lao People's Democratic Republic,LAO,WPR,Lower-middle,2014,2.3,0.1,46,"2,454,688","1,985",305
Lao People's Democratic Republic,LAO,WPR,Lower-middle,2015,2.5,0.2,52,"2,876,961","2,125",354
Lao People's Democratic Republic,LAO,WPR,Lower-middle,2016,2.4,0.1,55,"3,052,118","2,309",376
Lao People's Democratic Republic,LAO,WPR,Lower-middle,2017,2.5,0.2,62,"3,554,121","2,439",431
Lao People's Democratic Republic,LAO,WPR,Lower-middle,2018,2.2,0.4,57,"3,423,681","2,553",408
Lao People's Democratic Republic,LAO,WPR,Lower-middle,2019,2.6,0.1,68,"4,245,183","2,605",489
Lao People's Democratic Republic,LAO,WPR,Lower-middle,2020,2.1,0.2,52,"3,453,397","2,532",382
Lao People's Democratic Republic,LAO,WPR,Lower-middle,2021,2.7,0.1,69,"4,959,665","2,510",511
Malaysia,MYS,WPR,Upper-middle,2010,3.2,0.5,285,"26,366","9,006","8,185"
Malaysia,MYS,WPR,Upper-middle,2011,3.3,0.3,343,"30,649","10,354","10,016"
Malaysia,MYS,WPR,Upper-middle,2012,3.5,0.2,372,"34,062","10,752","11,027"
Malaysia,MYS,WPR,Upper-middle,2013,3.5,0.2,382,"36,290","10,880","11,517"
Malaysia,MYS,WPR,Upper-middle,2014,3.7,0.2,416,"41,636","11,202","12,722"
Malaysia,MYS,WPR,Upper-middle,2015,3.8,0.2,371,"44,983","9,700","11,518"
Malaysia,MYS,WPR,Upper-middle,2016,3.7,0.2,354,"46,249","9,556","11,149"
Malaysia,MYS,WPR,Upper-middle,2017,3.7,0.1,371,"50,978","9,980","11,854"
Malaysia,MYS,WPR,Upper-middle,2018,3.8,0.2,416,"54,428","11,074","13,488"
Malaysia,MYS,WPR,Upper-middle,2019,3.8,0.2,427,"58,088","11,132","14,023"
Marshall Islands,MHL,WPR,Upper-middle,2010,13.9,0.1,417,22,"2,995",22
Marshall Islands,MHL,WPR,Upper-middle,2011,13.1,0.0,425,23,"3,247",23
Marshall Islands,MHL,WPR,Upper-middle,2012,13.0,0.2,452,24,"3,467",24
Marshall Islands,MHL,WPR,Upper-middle,2013,13.5,0.2,485,25,"3,603",25
Marshall Islands,MHL,WPR,Upper-middle,2014,13.2,0.1,477,24,"3,610",24
Marshall Islands,MHL,WPR,Upper-middle,2015,15.3,0.2,571,28,"3,724",28
Marshall Islands,MHL,WPR,Upper-middle,2016,15.7,0.1,655,32,"4,159",32
Marshall Islands,MHL,WPR,Upper-middle,2017,14.4,0.2,646,30,"4,493",30
Marshall Islands,MHL,WPR,Upper-middle,2018,15.3,0.2,737,34,"4,827",34
Marshall Islands,MHL,WPR,Upper-middle,2019,14.8,0.1,782,35,"5,276",35
Marshall Islands,MHL,WPR,Upper-middle,2020,12.6,0.2,707,31,"5,620",31
Marshall Islands,MHL,WPR,Upper-middle,2021,12.5,0.4,767,32,"6,112",32
Micronesia (Federated States of),FSM,WPR,Lower-middle,2010,13.1,0.6,362,39,"2,761",39
Micronesia (Federated States of),FSM,WPR,Lower-middle,2011,13.1,0.6,377,41,"2,883",41
Micronesia (Federated States of),FSM,WPR,Lower-middle,2012,12.3,0.4,371,40,"3,021",40
Micronesia (Federated States of),FSM,WPR,Lower-middle,2013,12.1,0.2,353,38,"2,919",38
Micronesia (Federated States of),FSM,WPR,Lower-middle,2014,11.7,0.0,343,37,"2,926",37
Micronesia (Federated States of),FSM,WPR,Lower-middle,2015,12.5,0.1,360,39,"2,887",39
Micronesia (Federated States of),FSM,WPR,Lower-middle,2016,13.1,0.0,397,44,"3,020",44
Micronesia (Federated States of),FSM,WPR,Lower-middle,2017,12.2,0.0,405,45,"3,323",45
Micronesia (Federated States of),FSM,WPR,Lower-middle,2018,11.7,0.0,422,47,"3,624",47
Micronesia (Federated States of),FSM,WPR,Lower-middle,2019,11.3,0.0,421,47,"3,735",47
Micronesia (Federated States of),FSM,WPR,Lower-middle,2020,10.8,0.0,399,45,"3,675",45
Micronesia (Federated States of),FSM,WPR,Lower-middle,2021,11.0,0.0,393,45,"3,589",45
Mongolia,MNG,WPR,Lower-middle,2010,3.7,0.4,99,"364,843","2,660",269
Mongolia,MNG,WPR,Lower-middle,2011,3.6,0.6,136,"472,427","3,794",373
Mongolia,MNG,WPR,Lower-middle,2012,3.9,0.4,170,"643,839","4,402",474
Mongolia,MNG,WPR,Lower-middle,2013,4.1,0.1,181,"784,096","4,422",515
Mongolia,MNG,WPR,Lower-middle,2014,4.2,0.5,177,"935,736","4,212",515
Mongolia,MNG,WPR,Lower-middle,2015,4.2,0.3,166,"968,803","3,919",492
Mongolia,MNG,WPR,Lower-middle,2016,4.6,0.5,169,"1,096,076","3,691",512
Mongolia,MNG,WPR,Lower-middle,2017,4.3,0.3,161,"1,215,537","3,708",498
Mongolia,MNG,WPR,Lower-middle,2018,4.5,0.3,189,"1,477,457","4,165",598
Mongolia,MNG,WPR,Lower-middle,2019,4.5,0.2,198,"1,700,865","4,395",639
Mongolia,MNG,WPR,Lower-middle,2020,4.7,0.3,189,"1,747,663","4,041",621
Mongolia,MNG,WPR,Lower-middle,2021,6.9,0.4,316,"3,010,252","4,566","1,056"
Nauru,NRU,WPR,High,2010,12.7,0.0,614,7,"4,837",6
Nauru,NRU,WPR,High,2011,10.0,0.0,659,7,"6,621",7
Nauru,NRU,WPR,High,2012,8.8,0.0,859,9,"9,716",9
Nauru,NRU,WPR,High,2013,9.9,0.0,818,9,"8,306",9
Nauru,NRU,WPR,High,2014,8.4,0.1,746,9,"8,899",8
Nauru,NRU,WPR,High,2015,14.0,0.1,959,14,"6,851",11
Nauru,NRU,WPR,High,2016,11.0,7.5,957,15,"8,710",11
Nauru,NRU,WPR,High,2017,11.5,1.3,"1,093",17,"9,513",13
Nauru,NRU,WPR,High,2019,11.6,0.6,"1,159",20,"10,028",14
Nauru,NRU,WPR,High,2020,12.7,0.7,"1,318",24,"10,394",16
Nauru,NRU,WPR,High,2021,13.1,1.3,"1,530",25,"11,708",19
Niue,NIU,WPR,High,2010,15.5,1.1,"1,516",4,"9,756",3
Niue,NIU,WPR,High,2011,19.8,0.9,"2,298",5,"11,586",4
Niue,NIU,WPR,High,2012,10.3,0.0,"1,292",3,"12,539",2
Niue,NIU,WPR,High,2013,9.7,0.0,"1,349",3,"13,894",2
Niue,NIU,WPR,High,2014,10.8,0.0,"1,604",4,"14,800",3
Niue,NIU,WPR,High,2015,8.7,0.0,"1,120",3,"12,804",2
Niue,NIU,WPR,High,2016,7.8,0.0,"1,033",3,"13,328",2
Niue,NIU,WPR,High,2017,8.5,0.0,"1,223",3,"14,369",2
Niue,NIU,WPR,High,2018,8.0,0.0,"1,325",4,"16,566",2
Niue,NIU,WPR,High,2019,7.3,0.0,"1,157",3,"15,901",2
Niue,NIU,WPR,High,2020,9.0,0.0,"1,319",4,"14,699",3
Palau,PLW,WPR,Upper-middle,2010,11.6,0.1,"1,153",21,"9,925",21
Palau,PLW,WPR,Upper-middle,2011,10.9,0.2,"1,162",21,"10,691",21
Palau,PLW,WPR,Upper-middle,2012,11.5,0.1,"1,377",25,"11,980",25
Palau,PLW,WPR,Upper-middle,2013,12.0,0.0,"1,520",27,"12,693",27
Palau,PLW,WPR,Upper-middle,2014,12.1,0.1,"1,676",30,"13,823",30
Palau,PLW,WPR,Upper-middle,2015,11.3,0.1,"1,810",32,"15,960",32
Palau,PLW,WPR,Upper-middle,2016,11.6,0.1,"1,978",35,"17,007",35
Palau,PLW,WPR,Upper-middle,2017,12.5,0.2,"2,037",36,"16,259",36
Palau,PLW,WPR,Upper-middle,2018,12.9,0.1,"2,073",37,"16,121",37
Palau,PLW,WPR,Upper-middle,2019,13.4,0.7,"2,102",38,"15,684",38
Papua New Guinea,PNG,WPR,Lower-middle,2012,2.7,0.6,71,"1,183","2,653",568
Papua New Guinea,PNG,WPR,Lower-middle,2014,3.3,1.2,90,"1,869","2,742",759
Papua New Guinea,PNG,WPR,Lower-middle,2015,1.8,0.5,46,"1,094","2,502",395
Papua New Guinea,PNG,WPR,Lower-middle,2016,2.3,0.4,54,"1,516","2,333",484
Papua New Guinea,PNG,WPR,Lower-middle,2017,2.2,0.1,56,"1,617","2,495",507
Papua New Guinea,PNG,WPR,Lower-middle,2018,2.3,0.4,59,"1,827","2,584",555
Papua New Guinea,PNG,WPR,Lower-middle,2019,2.3,0.3,60,"1,950","2,594",576
Papua New Guinea,PNG,WPR,Lower-middle,2020,2.3,0.3,56,"1,899","2,446",549
Papua New Guinea,PNG,WPR,Lower-middle,2021,2.3,0.3,61,"2,144","2,647",611
Philippines,PHL,WPR,Lower-middle,2010,4.1,0.1,91,"388,299","2,202","8,608"
Philippines,PHL,WPR,Lower-middle,2011,4.0,0.1,98,"408,341","2,431","9,428"
Philippines,PHL,WPR,Lower-middle,2012,4.2,0.1,112,"462,011","2,672","10,941"
Philippines,PHL,WPR,Lower-middle,2013,4.3,0.1,122,"515,053","2,848","12,134"
Philippines,PHL,WPR,Lower-middle,2014,3.7,0.3,109,"489,067","2,936","11,016"
Philippines,PHL,WPR,Lower-middle,2015,3.9,0.5,116,"543,582","2,974","11,946"
Philippines,PHL,WPR,Lower-middle,2016,4.0,0.5,120,"598,462","3,038","12,601"
Philippines,PHL,WPR,Lower-middle,2017,4.0,0.5,122,"655,714","3,077","13,009"
Philippines,PHL,WPR,Lower-middle,2018,4.0,0.7,126,"722,173","3,195","13,714"
Philippines,PHL,WPR,Lower-middle,2019,4.2,0.4,142,"813,204","3,414","15,700"
Philippines,PHL,WPR,Lower-middle,2020,5.2,0.5,166,"926,686","3,224","18,674"
Philippines,PHL,WPR,Lower-middle,2021,5.9,0.4,203,"1,139,645","3,461","23,138"
Philippines,PHL,WPR,Lower-middle,2022,5.1,0.4,178,"1,122,360","3,498","20,602"
Samoa,WSM,WPR,Lower-middle,2010,5.2,0.0,184,89,"3,568",36
Samoa,WSM,WPR,Lower-middle,2011,5.4,0.0,210,96,"3,903",41
Samoa,WSM,WPR,Lower-middle,2012,5.0,0.0,195,89,"3,917",39
Samoa,WSM,WPR,Lower-middle,2013,6.2,0.0,245,113,"3,946",49
Samoa,WSM,WPR,Lower-middle,2014,6.3,0.6,246,116,"3,932",50
Samoa,WSM,WPR,Lower-middle,2015,6.2,0.0,238,124,"3,833",48
Samoa,WSM,WPR,Lower-middle,2016,5.6,0.0,236,124,"4,184",48
Samoa,WSM,WPR,Lower-middle,2017,5.2,0.0,218,116,"4,231",45
Samoa,WSM,WPR,Lower-middle,2018,4.8,0.0,198,108,"4,154",42
Samoa,WSM,WPR,Lower-middle,2019,5.6,0.0,240,135,"4,258",51
Samoa,WSM,WPR,Lower-middle,2020,6.2,0.2,253,145,"4,085",54
Singapore,SGP,WPR,High,2010,3.2,0.1,"1,487","10,472","46,442","7,680"
Singapore,SGP,WPR,High,2011,3.2,0.1,"1,670","11,096","52,895","8,822"
Singapore,SGP,WPR,High,2012,3.3,0.2,"1,825","12,272","54,840","9,820"
Singapore,SGP,WPR,High,2013,3.7,0.2,"2,069","14,185","56,147","11,336"
Singapore,SGP,WPR,High,2014,3.9,0.3,"2,188","15,445","56,523","12,190"
Singapore,SGP,WPR,High,2015,4.2,0.3,"2,279","17,703","54,513","12,876"
Singapore,SGP,WPR,High,2016,4.4,0.4,"2,451","19,341","55,853","13,999"
Singapore,SGP,WPR,High,2017,4.4,0.3,"2,599","20,691","59,550","14,984"
Singapore,SGP,WPR,High,2018,4.1,0.3,"2,642","20,717","64,815","15,359"
Singapore,SGP,WPR,High,2019,4.4,0.3,"2,826","22,616","64,237","16,579"
Singapore,SGP,WPR,High,2020,5.7,0.2,"3,368","27,461","58,951","19,903"
Singapore,SGP,WPR,High,2021,5.6,0.2,"3,970","31,687","71,334","23,585"
Solomon Islands,SLB,WPR,Lower-middle,2010,4.7,1.7,73,318,"1,567",39
Solomon Islands,SLB,WPR,Lower-middle,2011,5.0,0.9,95,403,"1,896",53
Solomon Islands,SLB,WPR,Lower-middle,2012,4.9,0.2,102,425,"2,088",58
Solomon Islands,SLB,WPR,Lower-middle,2013,4.6,0.3,101,430,"2,208",59
Solomon Islands,SLB,WPR,Lower-middle,2014,4.9,0.2,109,481,"2,236",65
Solomon Islands,SLB,WPR,Lower-middle,2015,4.4,0.2,95,460,"2,135",58
Solomon Islands,SLB,WPR,Lower-middle,2016,4.4,0.2,97,483,"2,196",61
Solomon Islands,SLB,WPR,Lower-middle,2017,4.1,0.1,95,481,"2,284",61
Solomon Islands,SLB,WPR,Lower-middle,2018,3.8,0.2,92,485,"2,450",61
Solomon Islands,SLB,WPR,Lower-middle,2019,4.3,0.3,104,572,"2,399",70
Solomon Islands,SLB,WPR,Lower-middle,2020,4.8,0.1,107,605,"2,222",74
Solomon Islands,SLB,WPR,Lower-middle,2021,4.8,0.2,106,604,"2,233",75
Tonga,TON,WPR,Upper-middle,2010,4.8,0.0,167,34,"3,459",18
Tonga,TON,WPR,Upper-middle,2011,3.8,0.6,156,29,"4,079",17
Tonga,TON,WPR,Upper-middle,2012,4.8,3.1,207,38,"4,317",22
Tonga,TON,WPR,Upper-middle,2013,4.0,1.1,164,31,"4,112",18
Tonga,TON,WPR,Upper-middle,2014,5.0,0.0,203,40,"4,047",22
Tonga,TON,WPR,Upper-middle,2015,4.5,0.0,170,38,"3,799",18
Tonga,TON,WPR,Upper-middle,2016,4.8,0.1,192,45,"3,984",20
Tonga,TON,WPR,Upper-middle,2017,4.9,0.2,213,49,"4,378",22
Tonga,TON,WPR,Upper-middle,2018,4.8,0.2,219,52,"4,563",23
Tonga,TON,WPR,Upper-middle,2019,4.8,0.2,230,55,"4,840",24
Tonga,TON,WPR,Upper-middle,2020,5.3,0.2,247,60,"4,627",26
Tonga,TON,WPR,Upper-middle,2021,6.3,0.2,279,67,"4,452",30
Tuvalu,TUV,WPR,Upper-middle,2010,15.7,4.5,476,5,"3,043",5
Tuvalu,TUV,WPR,Upper-middle,2011,14.1,3.4,517,5,"3,663",6
Tuvalu,TUV,WPR,Upper-middle,2012,13.6,1.9,493,5,"3,625",5
Tuvalu,TUV,WPR,Upper-middle,2013,14.3,3.5,507,6,"3,537",6
Tuvalu,TUV,WPR,Upper-middle,2014,14.7,3.0,523,6,"3,556",6
Tuvalu,TUV,WPR,Upper-middle,2016,18.6,0.2,714,10,"3,836",8
Tuvalu,TUV,WPR,Upper-middle,2017,24.3,0.1,"1,014",14,"4,176",11
Tuvalu,TUV,WPR,Upper-middle,2018,18.6,0.0,820,12,"4,401",9
Tuvalu,TUV,WPR,Upper-middle,2019,22.4,0.0,"1,109",17,"4,949",12
Tuvalu,TUV,WPR,Upper-middle,2020,18.9,8.2,879,14,"4,663",10
Tuvalu,TUV,WPR,Upper-middle,2021,20.0,0.1,"1,071",16,"5,364",12
Vanuatu,VUT,WPR,Lower-middle,2010,3.5,0.0,96,"2,292","2,733",24
Vanuatu,VUT,WPR,Lower-middle,2011,3.6,0.0,110,"2,479","3,065",28
Vanuatu,VUT,WPR,Lower-middle,2012,3.9,0.0,114,"2,727","2,906",29
Vanuatu,VUT,WPR,Lower-middle,2013,4.4,0.0,126,"3,149","2,877",33
Vanuatu,VUT,WPR,Lower-middle,2014,3.6,0.0,104,"2,734","2,861",28
Vanuatu,VUT,WPR,Lower-middle,2016,2.9,0.0,81,"2,483","2,757",23
Vanuatu,VUT,WPR,Lower-middle,2017,2.8,0.0,84,"2,622","3,032",24
Vanuatu,VUT,WPR,Lower-middle,2018,3.3,0.0,102,"3,343","3,077",30
Vanuatu,VUT,WPR,Lower-middle,2019,3.3,0.1,102,"3,561","3,077",31
Vanuatu,VUT,WPR,Lower-middle,2020,4.0,0.3,117,"4,192","2,918",36
Vanuatu,VUT,WPR,Lower-middle,2021,4.4,0.1,133,"4,651","3,045",42
Viet Nam,VNM,WPR,Lower-middle,2010,5.1,0.4,85,"138,950,064","1,684","7,465"
Viet Nam,VNM,WPR,Lower-middle,2011,5.0,0.4,97,"176,097,952","1,954","8,586"
Viet Nam,VNM,WPR,Lower-middle,2012,5.0,0.3,110,"203,760,736","2,190","9,783"
Viet Nam,VNM,WPR,Lower-middle,2013,4.4,0.3,104,"197,392,512","2,367","9,430"
Viet Nam,VNM,WPR,Lower-middle,2014,4.7,0.4,120,"231,585,680","2,559","10,951"
Viet Nam,VNM,WPR,Lower-middle,2015,4.7,0.4,122,"244,584,496","2,595","11,272"
Viet Nam,VNM,WPR,Lower-middle,2016,4.9,0.2,134,"274,635,872","2,761","12,520"
Viet Nam,VNM,WPR,Lower-middle,2017,5.0,0.3,149,"314,075,136","2,992","14,040"
Viet Nam,VNM,WPR,Lower-middle,2018,5.0,0.3,164,"352,329,728","3,267","15,588"
Viet Nam,VNM,WPR,Lower-middle,2020,4.3,0.3,154,"345,958,336","3,586","14,907"
Viet Nam,VNM,WPR,Lower-middle,2021,4.6,0.2,173,"389,510,464","3,756","16,818"
